,date,team,rating,change
0,1872-11-30,England,2003.0,3
1,1872-11-30,Scotland,1997.0,-3
2,1873-03-08,England,2014.0,11
3,1873-03-08,Scotland,1986.0,-11
4,1874-03-07,England,2006.0,-8
5,1874-03-07,Scotland,1994.0,8
6,1875-03-06,England,2003.0,-3
7,1875-03-06,Scotland,1997.0,3
8,1876-03-04,Scotland,2010.0,13
9,1876-03-04,England,1990.0,-13
10,1876-03-25,Scotland,2011.0,1
11,1876-03-25,Wales,1499.0,-1
12,1882-02-25,Wales,1511.0,6
13,1882-02-25,Ireland,1291.0,-6
14,1883-02-24,England,1901.0,1
15,1883-02-24,Ireland,1290.0,-1
16,1884-02-23,England,1898.0,5
17,1884-02-23,Ireland,1277.0,-5
18,1885-04-11,Wales,1559.0,24
19,1885-04-11,Ireland,1252.0,-24
20,1886-02-27,Wales,1566.0,7
21,1886-02-27,Ireland,1245.0,-7
22,1887-02-05,England,1925.0,1
23,1887-02-05,Ireland,1240.0,-1
24,1887-02-19,Scotland,2083.0,0
25,1887-02-19,Ireland,1240.0,0
26,1888-04-07,England,1986.0,2
27,1888-04-07,Ireland,1273.0,-2
28,1889-04-27,Wales,1535.0,18
29,1889-04-27,Ireland,1253.0,-18
30,1890-02-08,Wales,1547.0,12
31,1890-02-08,Ireland,1241.0,-12
32,1890-03-29,Scotland,2049.0,1
33,1890-03-29,Ireland,1237.0,-1
34,1891-03-28,Scotland,2043.0,0
35,1891-03-28,Ireland,1297.0,0
36,1893-03-25,Scotland,1991.0,1
37,1893-03-25,Ireland,1305.0,-1
38,1894-02-24,Wales,1439.0,17
39,1894-02-24,Ireland,1310.0,-17
40,1896-03-07,England,2066.0,1
41,1896-03-07,Ireland,1308.0,-1
42,1897-02-20,England,2050.0,1
43,1897-02-20,Ireland,1325.0,-1
44,3/23/1901,Wales,1476.0,20
45,3/23/1901,Ireland,1338.0,-20
46,10/29/1911,Argentina,1939.0,-24
47,10/29/1911,Uruguay,1922.0,24
48,10/29/1911,Hungary,1865.0,4
49,10/29/1911,Sweden,1691.0,19
50,10/29/1911,Germany,1660.0,-19
51,10/29/1911,Switzerland,1543.0,-4
52,10/29/1911,France,1529.0,12
53,10/29/1911,Luxembourg,1288.0,-12
54,2/4/1913,China,1566.0,-34
55,2/4/1913,Philippines,1234.0,34
56,5/18/1915,China,1552.0,-17
57,5/18/1915,Philippines,1248.0,17
58,5/9/1917,China,1566.0,25
59,5/9/1917,Japan,1275.0,-25
60,8/28/1920,Spain,2026.0,26
61,8/28/1920,England,1950.0,-86
62,8/28/1920,Denmark,1925.0,-26
63,8/28/1920,Netherlands,1916.0,3
64,8/28/1920,Czechoslovakia,1891.0,24
65,8/28/1920,Sweden,1696.0,24
66,8/28/1920,Egypt,1664.0,-36
67,8/28/1920,Italy,1662.0,36
68,8/28/1920,Yugoslavia,1576.0,-24
69,8/28/1920,Norway,1569.0,86
70,8/28/1920,Greece,1363.0,-24
71,8/28/1920,Luxembourg,1297.0,-3
72,4/6/1924,Hungary,1929.0,5
73,4/6/1924,Italy,1680.0,-5
74,4/6/1924,Curaçao,1609.0,9
75,4/6/1924,Aruba,1291.0,-9
76,3/29/1925,Netherlands,1812.0,4
77,3/29/1925,Germany,1667.0,-4
78,3/29/1925,Jamaica,1435.0,9
79,3/29/1925,Haiti,1265.0,-9
80,1/31/1926,Curaçao,1607.0,4
81,1/31/1926,Haiti,1267.0,-4
82,10/28/1926,Uruguay,2015.0,1
83,10/28/1926,Czechoslovakia,1869.0,7
84,10/28/1926,Italy,1740.0,-7
85,10/28/1926,Bolivia,1265.0,-1
86,11/13/1927,Sweden,1828.0,-9
87,11/13/1927,Netherlands,1769.0,9
88,11/13/1927,Peru,1592.0,4
89,11/13/1927,Bolivia,1258.0,-4
90,6/28/1928,Egypt,1698.0,-7
91,6/28/1928,Azerbaijan,1570.0,9
92,6/28/1928,Luxembourg,1286.0,7
93,6/28/1928,Armenia,1267.0,-9
94,5/25/1930,Argentina,2071.0,-8
95,5/25/1930,Uruguay,1967.0,8
96,5/25/1930,Belgium,1651.0,-16
97,5/25/1930,Romania,1577.0,16
98,5/25/1930,France,1524.0,16
99,5/25/1930,Greece,1377.0,-16
100,5/25/1930,Philippines,1248.0,-44
101,5/25/1930,Japan,1200.0,44
102,7/17/1930,United States,1783.0,61
103,7/17/1930,Paraguay,1717.0,-61
104,7/17/1930,Yugoslavia,1653.0,11
105,7/17/1930,Bolivia,1247.0,-11
106,8/30/1932,Denmark,1728.0,-35
107,8/30/1932,Finland,1484.0,35
108,8/30/1932,Latvia,1358.0,9
109,8/30/1932,Estonia,1286.0,-9
110,6/10/1933,Czechoslovakia,1832.0,5
111,6/10/1933,France,1599.0,-5
112,6/10/1933,Bulgaria,1464.0,17
113,6/10/1933,Greece,1273.0,-17
114,11/6/1933,Trinidad and Tobago,1534.0,7
115,11/6/1933,Barbados,1252.0,-7
116,5/10/1934,England,2006.0,-13
117,5/10/1934,Hungary,1828.0,13
118,5/10/1934,Netherlands,1706.0,-15
119,5/10/1934,France,1624.0,15
120,5/10/1934,Belgium,1548.0,3
121,5/10/1934,Luxembourg,1257.0,-3
122,8/18/1935,Germany,1887.0,3
123,8/18/1935,Yugoslavia,1659.0,12
124,8/18/1935,Poland,1604.0,-12
125,8/18/1935,Finland,1490.0,-2
126,8/18/1935,Luxembourg,1256.0,-1
127,5/9/1936,England,1941.0,-18
128,5/9/1936,Ireland,1628.0,7
129,5/9/1936,Belgium,1524.0,18
130,5/9/1936,Luxembourg,1249.0,-7
131,5/28/1936,Latvia,1315.0,12
132,5/28/1936,Estonia,1251.0,-12
133,8/30/1936,Estonia,1252.0,13
134,8/30/1936,Lithuania,1168.0,-13
135,9/12/1936,Saint Vincent and the Grenadines,1394.0,-6
136,9/12/1936,Barbados,1252.0,6
137,3/21/1937,Italy,2035.0,-36
138,3/21/1937,Austria,1942.0,36
139,3/21/1937,Germany,1818.0,7
140,3/21/1937,France,1605.0,-6
141,3/21/1937,Luxembourg,1245.0,-1
142,6/3/1937,Estonia,1255.0,11
143,6/3/1937,Lithuania,1157.0,-11
144,6/20/1937,Sweden,1707.0,3
145,6/20/1937,Estonia,1252.0,-3
146,1/22/1938,Greece,1343.0,37
147,1/22/1938,Palestine,1255.0,-37
148,8/13/1938,Colombia,1376.0,15
149,8/13/1938,Venezuela,1250.0,-15
150,3/26/1939,Italy,2126.0,1
151,3/26/1939,Germany,1767.0,-20
152,3/26/1939,Luxembourg,1250.0,19
153,8/6/1939,Cuba,1529.0,11
154,8/6/1939,Panama,1249.0,-11
155,4/27/1940,Lebanon,1284.0,-16
156,4/27/1940,Palestine,1261.0,16
157,9/7/1940,Estonia,1251.0,-6
158,9/7/1940,Lithuania,1122.0,6
159,2/23/1941,Argentina,2100.0,14
160,2/23/1941,Uruguay,1912.0,-14
161,2/23/1941,Peru,1721.0,7
162,2/23/1941,Ecuador,1264.0,-7
163,1/28/1942,Uruguay,1964.0,9
164,1/28/1942,Paraguay,1710.0,-9
165,1/28/1942,Peru,1686.0,4
166,1/28/1942,Ecuador,1253.0,-4
167,1/31/1942,Argentina,2104.0,-23
168,1/31/1942,Brazil,1882.0,2
169,1/31/1942,Chile,1576.0,23
170,1/31/1942,Ecuador,1251.0,-2
171,8/3/1942,Latvia,1399.0,8
172,8/3/1942,Estonia,1253.0,-8
173,4/1/1944,Aruba,1329.0,-31
174,4/1/1944,Venezuela,1248.0,31
175,10/5/1944,Trinidad and Tobago,1575.0,5
176,10/5/1944,Barbados,1259.0,-5
177,2/11/1945,Argentina,2070.0,-20
178,2/11/1945,Chile,1635.0,20
179,2/11/1945,Bolivia,1307.0,-5
180,2/11/1945,Ecuador,1240.0,5
181,3/13/1946,Costa Rica,1654.0,22
182,3/13/1946,Guatemala,1545.0,-19
183,3/13/1946,El Salvador,1506.0,-22
184,3/13/1946,Honduras,1387.0,14
185,3/13/1946,Panama,1246.0,19
186,3/13/1946,Nicaragua,995.0,-14
187,12/16/1946,Costa Rica,1683.0,21
188,12/16/1946,Guatemala,1447.0,-21
189,12/16/1946,Panama,1346.0,16
190,12/16/1946,Venezuela,1251.0,-16
191,3/2/1947,Argentina,2083.0,2
192,3/2/1947,Spain,1887.0,-13
193,3/2/1947,Uruguay,1821.0,-2
194,3/2/1947,Ireland,1699.0,13
195,3/2/1947,Curaçao,1589.0,12
196,3/2/1947,Trinidad and Tobago,1555.0,-12
197,3/2/1947,Surinam,1414.0,10
198,3/2/1947,French Guiana,1262.0,-10
199,12/18/1948,Martinique,1565.0,18
200,12/18/1948,Surinam,1495.0,-18
201,12/18/1948,Guadeloupe,1472.0,12
202,12/18/1948,French Guiana,1249.0,-12
203,5/3/1949,Colombia,1348.0,-70
204,5/3/1949,Ecuador,1253.0,70
205,8/14/1949,Surinam,1485.0,5
206,8/14/1949,French Guiana,1244.0,-5
207,10/16/1950,Kenya,1330.0,-23
208,10/16/1950,Tanganyika,1257.0,23
209,5/25/1951,Jamaica,1393.0,-22
210,5/25/1951,Barbados,1253.0,22
211,9/26/1951,Tanganyika,1260.0,3
212,9/26/1951,Zanzibar,968.0,-3
213,3/20/1952,Pakistan,1415.0,13
214,3/20/1952,Burma,1261.0,-13
215,2/9/1953,Surinam,1494.0,17
216,2/9/1953,Sierra Leone,1383.0,-10
217,2/9/1953,Gambia,1310.0,10
218,2/9/1953,British Guiana,1248.0,-17
219,2/28/1953,Peru,1718.0,2
220,2/28/1953,Ecuador,1251.0,-2
221,8/1/1953,Northern Rhodesia,1558.0,-22
222,8/1/1953,Egypt,1543.0,9
223,8/1/1953,Southern Rhodesia,1523.0,22
224,8/1/1953,Syria,1334.0,21
225,8/1/1953,Palestine,1252.0,-9
226,8/1/1953,Jordan,1179.0,-21
227,8/21/1953,British Guiana,1252.0,12
228,8/21/1953,Barbados,1252.0,-12
229,10/31/1953,India,1667.0,10
230,10/31/1953,Burma,1258.0,-10
231,5/5/1954,Scotland,1902.0,2
232,5/5/1954,Norway,1630.0,-2
233,5/5/1954,India,1598.0,-54
234,5/5/1954,Indonesia,1546.0,54
235,5/5/1954,Southern Rhodesia,1528.0,5
236,5/5/1954,Pakistan,1432.0,-32
237,5/5/1954,Israel,1429.0,-5
238,5/5/1954,Burma,1267.0,32
239,3/23/1955,Uruguay,1963.0,2
240,3/23/1955,Paraguay,1806.0,-6
241,3/23/1955,Peru,1738.0,6
242,3/23/1955,Ecuador,1257.0,-2
243,9/2/1955,India,1524.0,-5
244,9/2/1955,Armenia,1247.0,5
245,12/20/1955,India,1533.0,13
246,12/20/1955,Burma,1249.0,-13
247,6/25/1956,China,1536.0,5
248,6/25/1956,Burma,1254.0,-5
249,9/25/1956,Surinam,1505.0,-4
250,9/25/1956,British Guiana,1256.0,4
251,1/25/1957,India,1554.0,8
252,1/25/1957,Burma,1251.0,-8
253,3/17/1957,Argentina,2079.0,1
254,3/17/1957,Uruguay,1886.0,-49
255,3/17/1957,Colombia,1352.0,49
256,3/17/1957,Ecuador,1252.0,-1
257,3/21/1957,Brazil,2056.0,1
258,3/21/1957,Chile,1746.0,5
259,3/21/1957,Colombia,1347.0,-5
260,3/21/1957,Ecuador,1251.0,-1
261,9/1/1957,France,1872.0,5
262,9/1/1957,Norway,1659.0,14
263,9/1/1957,South Vietnam,1398.0,10
264,9/1/1957,Finland,1334.0,-14
265,9/1/1957,Malaya,1315.0,17
266,9/1/1957,Iceland,1293.0,-5
267,9/1/1957,Singapore,1259.0,-10
268,9/1/1957,Burma,1248.0,-17
269,9/1/1957,Thailand,1197.0,20
270,9/1/1957,Cambodia,1075.0,-20
271,4/23/1958,Netherlands,1690.0,8
272,4/23/1958,Curaçao,1499.0,-8
273,4/23/1958,Hong Kong,1478.0,12
274,4/23/1958,Singapore,1250.0,-12
275,5/26/1958,Belgium,1663.0,18
276,5/26/1958,South Korea,1659.0,3
277,5/26/1958,Switzerland,1607.0,-18
278,5/26/1958,India,1571.0,6
279,5/26/1958,Iran,1506.0,-49
280,5/26/1958,Israel,1494.0,49
281,5/26/1958,Japan,1313.0,-36
282,5/26/1958,Burma,1249.0,-6
283,5/26/1958,Singapore,1228.0,-3
284,5/26/1958,Philippines,1094.0,36
285,1/10/1959,Japan,1308.0,10
286,1/10/1959,Panama,1251.0,4
287,1/10/1959,Singapore,1205.0,-10
288,1/10/1959,Puerto Rico,880.0,-4
289,3/9/1959,Barbados,1249.0,16
290,3/9/1959,British Guiana,1248.0,-16
291,10/22/1959,North Korea,1718.0,2
292,10/22/1959,North Vietnam,1245.0,-2
293,12/19/1959,Brazil,2091.0,1
294,12/19/1959,Ecuador,1255.0,-1
295,8/28/1960,Ghana,1768.0,15
296,8/28/1960,Costa Rica,1687.0,-10
297,8/28/1960,Nigeria,1614.0,-15
298,8/28/1960,Norway,1504.0,7
299,8/28/1960,Guatemala,1410.0,10
300,8/28/1960,Finland,1257.0,-7
301,9/25/1960,France,1875.0,2
302,9/25/1960,Trinidad and Tobago,1517.0,-3
303,9/25/1960,Martinique,1508.0,3
304,9/25/1960,Honduras,1433.0,-7
305,9/25/1960,Guatemala,1417.0,7
306,9/25/1960,Finland,1255.0,-2
307,10/30/1960,Hungary,1953.0,-16
308,10/30/1960,Czechoslovakia,1923.0,6
309,10/30/1960,Spain,1919.0,-18
310,10/30/1960,Sweden,1910.0,6
311,10/30/1960,Austria,1844.0,18
312,10/30/1960,France,1838.0,-6
313,10/30/1960,Netherlands,1721.0,-6
314,10/30/1960,Morocco,1687.0,7
315,10/30/1960,Belgium,1639.0,16
316,10/30/1960,Tunisia,1510.0,-7
317,10/30/1960,East Germany,1484.0,5
318,10/30/1960,Finland,1250.0,-5
319,6/16/1961,Bulgaria,1765.0,5
320,6/16/1961,Finland,1245.0,-5
321,9/8/1961,Morocco,1700.0,3
322,9/8/1961,United Arab Republic,1689.0,10
323,9/8/1961,Libya,1424.0,29
324,9/8/1961,Lebanon,1349.0,-10
325,9/8/1961,Saudi Arabia,1282.0,-29
326,9/8/1961,Kuwait,1258.0,-3
327,11/5/1961,Mexico,1806.0,-3
328,11/5/1961,Denmark,1681.0,-16
329,11/5/1961,Poland,1681.0,16
330,11/5/1961,Paraguay,1659.0,3
331,11/5/1961,Senegal,1613.0,9
332,11/5/1961,Norway,1455.0,2
333,11/5/1961,Malta,1434.0,-2
334,11/5/1961,Gambia,1258.0,-9
335,9/16/1962,Czechoslovakia,2003.0,22
336,9/16/1962,Yugoslavia,1924.0,-7
337,9/16/1962,Austria,1871.0,-22
338,9/16/1962,Sweden,1863.0,-26
339,9/16/1962,Denmark,1693.0,8
340,9/16/1962,Congo-Brazzaville,1566.0,7
341,9/16/1962,East Germany,1535.0,7
342,9/16/1962,Trinidad and Tobago,1512.0,-5
343,9/16/1962,Norway,1507.0,26
344,9/16/1962,Malaya,1467.0,-8
345,9/16/1962,Surinam,1442.0,5
346,9/16/1962,South Vietnam,1415.0,6
347,9/16/1962,Pakistan,1383.0,8
348,9/16/1962,Gabon,1370.0,-7
349,9/16/1962,Finland,1260.0,-8
350,9/16/1962,Philippines,1021.0,-6
351,11/25/1962,Spain,1899.0,-45
352,11/25/1962,Austria,1852.0,1
353,11/25/1962,Bulgaria,1768.0,-1
354,11/25/1962,Turkey,1738.0,13
355,11/25/1962,Romania,1705.0,45
356,11/25/1962,Israel,1571.0,-13
357,11/25/1962,Saint Lucia,1301.0,1
358,11/25/1962,Barbados,1248.0,-1
359,4/14/1963,Nigeria,1629.0,-37
360,4/14/1963,Congo-Brazzaville,1608.0,-37
361,4/14/1963,Senegal,1608.0,37
362,4/14/1963,Tunisia,1603.0,37
363,4/14/1963,Ivory Coast,1602.0,2
364,4/14/1963,Madagascar,1407.0,13
365,4/14/1963,Upper Volta,1362.0,-5
366,4/14/1963,Gambia,1286.0,5
367,4/14/1963,Chad,1249.0,-13
368,4/14/1963,Mauritania,984.0,-2
369,11/20/1963,England,1946.0,7
370,11/20/1963,Scotland,1910.0,8
371,11/20/1963,Wales,1748.0,-8
372,11/20/1963,North Korea,1729.0,2
373,11/20/1963,Northern Ireland,1629.0,-7
374,11/20/1963,Hong Kong,1406.0,-17
375,11/20/1963,Singapore,1251.0,17
376,11/20/1963,North Vietnam,1231.0,-2
377,1/12/1964,East Germany,1645.0,3
378,1/12/1964,Saint Lucia,1333.0,18
379,1/12/1964,Dominica,1247.0,-18
380,1/12/1964,Ceylon,1022.0,-3
381,7/5/1964,Hong Kong,1404.0,-12
382,7/5/1964,Singapore,1256.0,12
383,10/3/1964,England,1922.0,13
384,10/3/1964,Scotland,1902.0,-26
385,10/3/1964,Wales,1743.0,26
386,10/3/1964,Northern Ireland,1670.0,-13
387,10/3/1964,Guinea,1658.0,7
388,10/3/1964,China,1545.0,-25
389,10/3/1964,Dahomey,1518.0,-7
390,10/3/1964,Pakistan,1407.0,25
391,10/3/1964,Uganda,1323.0,-29
392,10/3/1964,Tanganyika,1247.0,29
393,3/15/1965,Madagascar,1427.0,-28
394,3/15/1965,Japan,1424.0,12
395,3/15/1965,Hong Kong,1369.0,-12
396,3/15/1965,Tanzania,1246.0,28
397,7/26/1965,Surinam,1484.0,5
398,7/26/1965,French Guiana,1251.0,-5
399,8/10/1965,Indonesia,1426.0,9
400,8/10/1965,North Vietnam,1252.0,-9
401,12/18/1965,Burma,1422.0,29
402,12/18/1965,South Vietnam,1390.0,-44
403,12/18/1965,Thailand,1299.0,44
404,12/18/1965,Malaysia,1253.0,-29
405,4/1/1966,Soviet Union,1994.0,4
406,4/1/1966,Montenegro,1667.0,-4
407,4/1/1966,Iraq,1618.0,3
408,4/1/1966,Libya,1482.0,-12
409,4/1/1966,Palestine,1257.0,12
410,4/1/1966,Kuwait,1187.0,-3
411,9/25/1966,Angola,1496.0,8
412,9/25/1966,Uganda,1357.0,22
413,9/25/1966,Mozambique,1321.0,-8
414,9/25/1966,Tanzania,1257.0,-22
415,10/15/1966,Surinam,1527.0,-5
416,10/15/1966,French Guiana,1256.0,5
417,12/10/1966,Sudan,1692.0,10
418,12/10/1966,Iran,1603.0,8
419,12/10/1966,India,1509.0,-25
420,12/10/1966,Japan,1462.0,25
421,12/10/1966,Kenya,1449.0,-10
422,12/10/1966,Indonesia,1448.0,22
423,12/10/1966,Singapore,1267.0,-22
424,12/10/1966,Malaysia,1251.0,-8
425,3/31/1967,Thailand,1310.0,19
426,3/31/1967,Malaysia,1251.0,-19
427,8/2/1967,Surinam,1548.0,7
428,8/2/1967,Mauritius,1527.0,-32
429,8/2/1967,Tanzania,1254.0,32
430,8/2/1967,Guyana,1218.0,-7
431,10/3/1967,Japan,1603.0,8
432,10/3/1967,Taiwan,1404.0,7
433,10/3/1967,Lebanon,1369.0,-8
434,10/3/1967,Uganda,1336.0,17
435,10/3/1967,Tanganyika,1251.0,-17
436,10/3/1967,Philippines,980.0,-7
437,12/14/1967,Burma,1590.0,2
438,12/14/1967,South Vietnam,1477.0,33
439,12/14/1967,Thailand,1253.0,-33
440,12/14/1967,Laos,952.0,-2
441,1/14/1968,Ghana,1781.0,21
442,1/14/1968,Ivory Coast,1731.0,-31
443,1/14/1968,Algeria,1707.0,10
444,1/14/1968,Democratic Republic of Congo,1681.0,-21
445,1/14/1968,Iraq,1656.0,12
446,1/14/1968,Senegal,1633.0,21
447,1/14/1968,Ethiopia,1602.0,31
448,1/14/1968,Congo,1541.0,-21
449,1/14/1968,Uganda,1315.0,-10
450,1/14/1968,Thailand,1247.0,-12
451,10/27/1968,Portugal,1949.0,11
452,10/27/1968,Bulgaria,1876.0,11
453,10/27/1968,Spain,1875.0,3
454,10/27/1968,Yugoslavia,1818.0,-3
455,10/27/1968,Romania,1738.0,-11
456,10/27/1968,Netherlands,1685.0,-11
457,10/27/1968,Sudan,1596.0,-27
458,10/27/1968,Zambia,1582.0,27
459,10/27/1968,Dominica,1258.0,2
460,10/27/1968,Sint Maarten,898.0,-2
461,12/5/1968,Surinam,1514.0,-32
462,12/5/1968,Netherlands Antilles,1458.0,32
463,12/5/1968,Honduras,1392.0,13
464,12/5/1968,Jamaica,1247.0,-13
465,2/6/1969,Haiti,1446.0,-17
466,2/6/1969,Jamaica,1252.0,17
467,11/5/1969,England,2086.0,4
468,11/5/1969,Hungary,1971.0,5
469,11/5/1969,Scotland,1825.0,-35
470,11/5/1969,Belgium,1786.0,-8
471,11/5/1969,Mexico,1774.0,8
472,11/5/1969,Austria,1737.0,35
473,11/5/1969,Netherlands,1712.0,-4
474,11/5/1969,Ireland,1606.0,-5
475,11/5/1969,Jamaica,1250.0,12
476,11/5/1969,Panama,1170.0,-12
477,12/4/1969,Costa Rica,1704.0,8
478,12/4/1969,Mexico,1691.0,-16
479,12/4/1969,Israel,1662.0,13
480,12/4/1969,Australia,1617.0,-13
481,12/4/1969,Guatemala,1610.0,-21
482,12/4/1969,Netherlands Antilles,1458.0,16
483,12/4/1969,Trinidad and Tobago,1360.0,-8
484,12/4/1969,Jamaica,1248.0,21
485,3/4/1970,Brazil,2012.0,-26
486,3/4/1970,Argentina,1839.0,26
487,3/4/1970,Netherlands Antilles,1477.0,3
488,3/4/1970,Cuba,1246.0,23
489,3/4/1970,Panama,1156.0,-23
490,3/4/1970,Bahamas,855.0,-3
491,6/6/1970,Italy,2012.0,-12
492,6/6/1970,Soviet Union,1959.0,35
493,6/6/1970,Uruguay,1883.0,12
494,6/6/1970,Czechoslovakia,1875.0,-42
495,6/6/1970,Romania,1815.0,42
496,6/6/1970,Peru,1787.0,40
497,6/6/1970,Belgium,1765.0,-35
498,6/6/1970,Morocco,1624.0,-40
499,6/6/1970,Uganda,1423.0,-7
500,6/6/1970,Tanzania,1247.0,7
501,8/15/1970,Indonesia,1510.0,-41
502,8/15/1970,India,1324.0,13
503,8/15/1970,Malaysia,1317.0,41
504,8/15/1970,Hong Kong,1255.0,-13
505,11/11/1970,East Germany,1908.0,7
506,11/11/1970,Spain,1858.0,14
507,11/11/1970,Scotland,1846.0,5
508,11/11/1970,Romania,1808.0,-1
509,11/11/1970,France,1766.0,8
510,11/11/1970,Netherlands,1725.0,-7
511,11/11/1970,Wales,1697.0,1
512,11/11/1970,Northern Ireland,1684.0,-14
513,11/11/1970,Denmark,1591.0,-5
514,11/11/1970,Surinam,1567.0,2
515,11/11/1970,Norway,1524.0,-8
516,11/11/1970,Indonesia,1446.0,18
517,11/11/1970,Ethiopia,1419.0,-40
518,11/11/1970,South Vietnam,1333.0,-18
519,11/11/1970,Kenya,1279.0,40
520,11/11/1970,French Guiana,1258.0,-2
521,5/2/1971,Ghana,1736.0,22
522,5/2/1971,Ivory Coast,1650.0,-22
523,5/2/1971,South Korea,1643.0,4
524,5/2/1971,Guinea,1629.0,2
525,5/2/1971,Guatemala,1591.0,4
526,5/2/1971,Indonesia,1445.0,29
527,5/2/1971,Thailand,1340.0,-4
528,5/2/1971,Gambia,1254.0,-2
529,5/2/1971,South Vietnam,1245.0,-29
530,5/2/1971,Panama,1209.0,-4
531,6/1/1971,North Korea,1764.0,3
532,6/1/1971,Zambia,1490.0,12
533,6/1/1971,Ethiopia,1445.0,-12
534,6/1/1971,Syria,1425.0,-3
535,6/1/1971,Indonesia,1388.0,-44
536,6/1/1971,Malaysia,1386.0,44
537,6/1/1971,Thailand,1361.0,16
538,6/1/1971,Khmer Republic,1252.0,-16
539,8/5/1971,India,1406.0,4
540,8/5/1971,Trinidad and Tobago,1395.0,28
541,8/5/1971,Jamaica,1252.0,-28
542,8/5/1971,Hong Kong,1200.0,-21
543,8/5/1971,Singapore,1103.0,21
544,8/5/1971,Philippines,964.0,-4
545,10/28/1971,Malaysia,1469.0,11
546,10/28/1971,Thailand,1260.0,11
547,10/28/1971,South Vietnam,1251.0,-11
548,10/28/1971,Singapore,1131.0,-11
549,1/10/1972,Algeria,1563.0,11
550,1/10/1972,South Yemen,1252.0,-11
551,1/10/1972,Palestine,1186.0,29
552,1/10/1972,Qatar,1034.0,-29
553,5/7/1972,Poland,1803.0,29
554,5/7/1972,Bulgaria,1783.0,-29
555,5/7/1972,Ghana,1711.0,9
556,5/7/1972,Iran,1646.0,8
557,5/7/1972,Sudan,1646.0,8
558,5/7/1972,Greece,1628.0,9
559,5/7/1972,Mali,1616.0,24
560,5/7/1972,Iraq,1606.0,-1
561,5/7/1972,South Korea,1599.0,1
562,5/7/1972,Cameroon,1597.0,21
563,5/7/1972,Tunisia,1592.0,-24
564,5/7/1972,Senegal,1582.0,-9
565,5/7/1972,Ethiopia,1469.0,-9
566,5/7/1972,Togo,1466.0,-21
567,5/7/1972,Madagascar,1380.0,-8
568,5/7/1972,Khmer Republic,1254.0,-8
569,8/4/1972,Japan,1507.0,4
570,8/4/1972,Hong Kong,1252.0,4
571,8/4/1972,Philippines,1069.0,-4
572,8/4/1972,Sri Lanka,919.0,-4
573,10/22/1972,Australia,1686.0,0
574,10/22/1972,South Korea,1599.0,0
575,10/22/1972,Turkey,1546.0,-46
576,10/22/1972,Kenya,1435.0,8
577,10/22/1972,Luxembourg,1338.0,46
578,10/22/1972,Malawi,1252.0,-8
579,11/25/1972,Austria,1823.0,7
580,11/25/1972,Uganda,1473.0,19
581,11/25/1972,Ethiopia,1473.0,1
582,11/25/1972,Grenada,1461.0,7
583,11/25/1972,Kenya,1417.0,-19
584,11/25/1972,Tanzania,1381.0,-1
585,11/25/1972,Malta,1366.0,-7
586,11/25/1972,Dominica,1250.0,-7
587,6/8/1973,Iceland,1294.0,24
588,6/8/1973,Faroe Islands,1250.0,-24
589,8/7/1973,Thailand,1255.0,30
590,8/7/1973,Khmer Republic,1249.0,-30
591,9/24/1973,South Korea,1610.0,11
592,9/24/1973,Zambia,1541.0,10
593,9/24/1973,Malaysia,1467.0,20
594,9/24/1973,Indonesia,1426.0,-11
595,9/24/1973,Thailand,1251.0,-20
596,9/24/1973,Somalia,1189.0,-10
597,3/8/1974,Trinidad and Tobago,1563.0,3
598,3/8/1974,Barbados,1253.0,6
599,3/8/1974,Panama,1176.0,25
600,3/8/1974,Nicaragua,1013.0,-3
601,3/8/1974,Dominican Republic,964.0,-25
602,3/8/1974,Puerto Rico,858.0,-6
603,4/20/1974,Guinea,1583.0,-30
604,4/20/1974,Sierra Leone,1430.0,30
605,4/20/1974,Aruba,1254.0,-25
606,4/20/1974,Bonaire,1122.0,25
607,9/4/1974,West Germany,2144.0,2
608,9/4/1974,Netherlands,2074.0,16
609,9/4/1974,Poland,2058.0,-25
610,9/4/1974,East Germany,1941.0,25
611,9/4/1974,Sweden,1897.0,-16
612,9/4/1974,Austria,1824.0,7
613,9/4/1974,Northern Ireland,1745.0,-32
614,9/4/1974,Switzerland,1697.0,-2
615,9/4/1974,Wales,1643.0,-7
616,9/4/1974,China,1636.0,14
617,9/4/1974,South Korea,1630.0,4
618,9/4/1974,North Korea,1608.0,-25
619,9/4/1974,Iraq,1578.0,25
620,9/4/1974,Norway,1466.0,32
621,9/4/1974,Libya,1412.0,-6
622,9/4/1974,Malta,1377.0,6
623,9/4/1974,India,1333.0,-14
624,9/4/1974,Thailand,1255.0,-4
625,11/10/1974,Hungary,1858.0,0
626,11/10/1974,Bulgaria,1756.0,0
627,11/10/1974,Tunisia,1678.0,4
628,11/10/1974,Togo,1453.0,10
629,11/10/1974,Libya,1372.0,-4
630,11/10/1974,Liberia,1349.0,-10
631,11/10/1974,Taiwan,1248.0,16
632,11/10/1974,Thailand,1231.0,-16
633,3/17/1975,Indonesia,1363.0,15
634,3/17/1975,South Vietnam,1252.0,-15
635,8/9/1975,South Korea,1601.0,14
636,8/9/1975,New Caledonia,1500.0,-25
637,8/9/1975,Tahiti,1456.0,25
638,8/9/1975,Japan,1442.0,-14
639,8/9/1975,Indonesia,1388.0,10
640,8/9/1975,Thailand,1259.0,-10
641,12/16/1975,Malaysia,1455.0,-29
642,12/16/1975,Thailand,1252.0,29
643,4/11/1976,Israel,1768.0,6
644,4/11/1976,Kuwait,1564.0,10
645,4/11/1976,Japan,1448.0,-6
646,4/11/1976,Saudi Arabia,1254.0,-10
647,7/4/1976,Congo,1550.0,10
648,7/4/1976,Suriname,1472.0,-47
649,7/4/1976,Central African Republic,1389.0,6
650,7/4/1976,Mozambique,1357.0,-17
651,7/4/1976,Guyana,1251.0,47
652,7/4/1976,Chad,1214.0,-10
653,7/4/1976,Sao Tome and Principe,1080.0,-6
654,7/4/1976,Zanzibar,1000.0,17
655,8/1/1976,El Salvador,1461.0,11
656,8/1/1976,Panama,1251.0,-11
657,10/20/1976,Uruguay,1668.0,-4
658,10/20/1976,Australia,1668.0,-7
659,10/20/1976,Iraq,1502.0,5
660,10/20/1976,Canada,1494.0,-30
661,10/20/1976,United States,1459.0,30
662,10/20/1976,Ecuador,1415.0,4
663,10/20/1976,Libya,1390.0,-5
664,10/20/1976,Indonesia,1274.0,7
665,10/20/1976,South Yemen,1253.0,-27
666,10/20/1976,Palestine,1219.0,7
667,10/20/1976,Jordan,1172.0,27
668,10/20/1976,Mauritania,928.0,-7
669,5/26/1977,Sweden,1806.0,2
670,5/26/1977,Peru,1773.0,8
671,5/26/1977,Haiti,1574.0,-8
672,5/26/1977,Norway,1484.0,-2
673,5/26/1977,Finland,1472.0,15
674,5/26/1977,Luxembourg,1253.0,-15
675,7/24/1977,South Korea,1703.0,11
676,7/24/1977,Burma,1435.0,-11
677,7/24/1977,India,1254.0,11
678,7/24/1977,Afghanistan,905.0,-11
679,10/12/1977,Netherlands,2070.0,7
680,10/12/1977,Scotland,1998.0,16
681,10/12/1977,East Germany,1962.0,-11
682,10/12/1977,England,1902.0,2
683,10/12/1977,Hungary,1902.0,7
684,10/12/1977,Austria,1858.0,11
685,10/12/1977,Wales,1795.0,-16
686,10/12/1977,Bulgaria,1772.0,3
687,10/12/1977,Mexico,1766.0,8
688,10/12/1977,Sweden,1755.0,-7
689,10/12/1977,Ireland,1719.0,-3
690,10/12/1977,Northern Ireland,1687.0,-7
691,10/12/1977,Haiti,1589.0,28
692,10/12/1977,Guatemala,1573.0,-28
693,10/12/1977,Canada,1526.0,23
694,10/12/1977,El Salvador,1490.0,-8
695,10/12/1977,Suriname,1449.0,-23
696,10/12/1977,Luxembourg,1251.0,-2
697,10/26/1977,Netherlands,2075.0,5
698,10/26/1977,Spain,1934.0,23
699,10/26/1977,Romania,1906.0,-23
700,10/26/1977,Belgium,1845.0,-5
701,10/26/1977,Bulgaria,1766.0,-6
702,10/26/1977,Greece,1646.0,6
703,10/26/1977,Guyana,1254.0,-5
704,10/26/1977,Barbados,1253.0,5
705,12/3/1977,Italy,1946.0,1
706,12/3/1977,Iran,1801.0,21
707,12/3/1977,Kuwait,1677.0,-21
708,12/3/1977,Uganda,1487.0,-13
709,12/3/1977,Luxembourg,1250.0,-1
710,12/3/1977,Somalia,1139.0,13
711,1/24/1978,Malawi,1452.0,16
712,1/24/1978,Mauritius,1249.0,-16
713,3/22/1978,Poland,1915.0,1
714,3/22/1978,Czechoslovakia,1894.0,6
715,3/22/1978,Austria,1860.0,-9
716,3/22/1978,Romania,1854.0,-6
717,3/22/1978,Belgium,1804.0,9
718,3/22/1978,Turkey,1659.0,6
719,3/22/1978,Greece,1653.0,-6
720,3/22/1978,Luxembourg,1249.0,-1
721,7/5/1978,Angola,1484.0,9
722,7/5/1978,Guinea-Bissau,1306.0,14
723,7/5/1978,Gambia,1251.0,-14
724,7/5/1978,Cape Verde,1208.0,-9
725,12/17/1978,South Korea,1814.0,9
726,12/17/1978,Kuwait,1675.0,6
727,12/17/1978,North Korea,1656.0,19
728,12/17/1978,Iraq,1602.0,-19
729,12/17/1978,China,1575.0,-9
730,12/17/1978,Malawi,1473.0,22
731,12/17/1978,Malaysia,1469.0,-22
732,12/17/1978,Madagascar,1377.0,-22
733,12/17/1978,Thailand,1372.0,22
734,12/17/1978,Mauritius,1253.0,20
735,12/17/1978,India,1226.0,-6
736,12/17/1978,Lesotho,1119.0,-20
737,1/10/1979,Guinea,1684.0,1
738,1/10/1979,Mali,1586.0,5
739,1/10/1979,Gabon,1356.0,-6
740,1/10/1979,Gambia,1254.0,-5
741,1/10/1979,Rwanda,1041.0,6
742,1/10/1979,Mauritania,917.0,-1
743,3/23/1979,Iraq,1661.0,2
744,3/23/1979,Costa Rica,1546.0,-5
745,3/23/1979,Panama,1249.0,5
746,3/23/1979,Bahrain,1096.0,-2
747,5/7/1979,North Korea,1683.0,5
748,5/7/1979,Indonesia,1250.0,-5
749,7/13/1979,Egypt,1641.0,8
750,7/13/1979,Japan,1460.0,5
751,7/13/1979,Burma,1424.0,18
752,7/13/1979,Kenya,1365.0,-8
753,7/13/1979,Indonesia,1253.0,-18
754,7/13/1979,Singapore,1100.0,-5
755,2/17/1980,Poland,1958.0,-18
756,2/17/1980,Mali,1562.0,11
757,2/17/1980,Morocco,1549.0,18
758,2/17/1980,Saint Vincent and the Grenadines,1492.0,-4
759,2/17/1980,Guinea-Bissau,1285.0,-11
760,2/17/1980,Barbados,1253.0,4
761,3/22/1980,Yugoslavia,1900.0,2
762,3/22/1980,South Korea,1833.0,7
763,3/22/1980,Nigeria,1722.0,32
764,3/22/1980,Algeria,1662.0,-32
765,3/22/1980,Uruguay,1644.0,-2
766,3/22/1980,Kuwait,1626.0,9
767,3/22/1980,Japan,1460.0,-7
768,3/22/1980,South Yemen,1253.0,-9
769,6/15/1980,Brazil,2037.0,-16
770,6/15/1980,England,2005.0,-21
771,6/15/1980,Italy,1996.0,21
772,6/15/1980,Belgium,1944.0,23
773,6/15/1980,Soviet Union,1928.0,16
774,6/15/1980,Spain,1869.0,-23
775,6/15/1980,Northern Ireland,1795.0,-1
776,6/15/1980,Australia,1668.0,1
777,6/15/1980,Malawi,1563.0,10
778,6/15/1980,Zambia,1534.0,-10
779,6/15/1980,Honduras,1468.0,4
780,6/15/1980,Panama,1251.0,-4
781,8/31/1980,Zambia,1529.0,12
782,8/31/1980,Zimbabwe,1474.0,-12
783,8/31/1980,Malaysia,1458.0,-12
784,8/31/1980,Thailand,1378.0,10
785,8/31/1980,Indonesia,1248.0,12
786,8/31/1980,Bahrain,1177.0,-10
787,11/9/1980,Mexico,1714.0,11
788,11/9/1980,Uruguay,1657.0,18
789,11/9/1980,Cuba,1622.0,3
790,11/9/1980,Bolivia,1584.0,-18
791,11/9/1980,Canada,1569.0,-14
792,11/9/1980,Honduras,1527.0,14
793,11/9/1980,El Salvador,1525.0,5
794,11/9/1980,Senegal,1521.0,1
795,11/9/1980,Guatemala,1502.0,-5
796,11/9/1980,United States,1490.0,-11
797,11/9/1980,Malawi,1486.0,6
798,11/9/1980,Zimbabwe,1482.0,-6
799,11/9/1980,Angola,1464.0,-10
800,11/9/1980,Trinidad and Tobago,1426.0,-16
801,11/9/1980,Liberia,1372.0,-10
802,11/9/1980,Mozambique,1315.0,10
803,11/9/1980,Gambia,1312.0,10
804,11/9/1980,Guyana,1256.0,-3
805,11/9/1980,Netherlands Antilles,1189.0,16
806,11/9/1980,Mauritania,1023.0,-1
807,2/7/1981,Guinea-Bissau,1255.0,-46
808,2/7/1981,Cape Verde,1237.0,46
809,5/23/1981,England,1921.0,-31
810,5/23/1981,Scotland,1856.0,31
811,5/23/1981,New Zealand,1561.0,8
812,5/23/1981,Indonesia,1251.0,-8
813,7/5/1981,Spain,1847.0,0
814,7/5/1981,Chile,1763.0,0
815,7/5/1981,Saint Vincent and the Grenadines,1470.0,12
816,7/5/1981,Guadeloupe,1427.0,19
817,7/5/1981,Trinidad and Tobago,1402.0,-3
818,7/5/1981,Martinique,1394.0,-12
819,7/5/1981,Dominica,1272.0,-19
820,7/5/1981,Barbados,1256.0,3
821,12/5/1981,Italy,1913.0,0
822,12/5/1981,France,1894.0,1
823,12/5/1981,Cyprus,1255.0,-1
824,12/5/1981,Luxembourg,1215.0,0
825,2/11/1982,Hungary,1818.0,7
826,2/11/1982,New Zealand,1604.0,-7
827,2/11/1982,Mali,1567.0,3
828,2/11/1982,Senegal,1538.0,-2
829,2/11/1982,Guinea,1505.0,2
830,2/11/1982,Sierra Leone,1394.0,13
831,2/11/1982,Gambia,1281.0,-29
832,2/11/1982,Guinea-Bissau,1250.0,-13
833,2/11/1982,Cape Verde,1249.0,29
834,2/11/1982,Mauritania,1008.0,-3
835,8/5/1982,Indonesia,1292.0,30
836,8/5/1982,Malaysia,1253.0,-30
837,8/12/1982,South Korea,1665.0,1
838,8/12/1982,Cuba,1591.0,8
839,8/12/1982,Bermuda,1311.0,-8
840,8/12/1982,Singapore,1251.0,27
841,8/12/1982,Netherlands Antilles,1238.0,8
842,8/12/1982,India,1212.0,-27
843,8/12/1982,United Arab Emirates,1146.0,-1
844,8/12/1982,Nicaragua,991.0,-8
845,8/12/1982,Puerto Rico,979.0,31
846,8/12/1982,Bahamas,879.0,-31
847,10/3/1982,Zambia,1651.0,2
848,10/3/1982,Egypt,1601.0,-2
849,10/3/1982,Morocco,1571.0,-13
850,10/3/1982,Malawi,1526.0,33
851,10/3/1982,Saudi Arabia,1400.0,13
852,10/3/1982,Zimbabwe,1394.0,-33
853,10/3/1982,Upper Volta,1311.0,-4
854,10/3/1982,Niger,1251.0,4
855,11/24/1982,China,1598.0,-13
856,11/24/1982,North Korea,1569.0,-9
857,11/24/1982,Kenya,1509.0,17
858,11/24/1982,Uganda,1486.0,4
859,11/24/1982,Zimbabwe,1430.0,-17
860,11/24/1982,Saudi Arabia,1421.0,9
861,11/24/1982,Thailand,1326.0,29
862,11/24/1982,Syria,1262.0,-29
863,11/24/1982,India,1251.0,13
864,11/24/1982,Malaysia,1239.0,-34
865,11/24/1982,Zanzibar,1105.0,-4
866,11/24/1982,Bangladesh,1009.0,34
867,3/20/1983,Congo,1556.0,8
868,3/20/1983,Kenya,1511.0,-2
869,3/20/1983,Ethiopia,1349.0,2
870,3/20/1983,Gambia,1345.0,7
871,3/20/1983,Mozambique,1307.0,-3
872,3/20/1983,Benin,1253.0,-8
873,3/20/1983,Lesotho,1164.0,3
874,3/20/1983,Mauritania,1066.0,-7
875,4/24/1983,Algeria,1709.0,-16
876,4/24/1983,Cameroon,1624.0,9
877,4/24/1983,Tunisia,1610.0,3
878,4/24/1983,Zambia,1606.0,-15
879,4/24/1983,Libya,1598.0,-21
880,4/24/1983,Morocco,1550.0,-30
881,4/24/1983,Senegal,1520.0,21
882,4/24/1983,Nigeria,1509.0,-20
883,4/24/1983,Mali,1509.0,30
884,4/24/1983,Togo,1501.0,25
885,4/24/1983,Guinea,1494.0,-25
886,4/24/1983,Madagascar,1492.0,25
887,4/24/1983,Angola,1457.0,20
888,4/24/1983,Uganda,1439.0,-25
889,4/24/1983,Sudan,1397.0,15
890,4/24/1983,Mozambique,1355.0,-9
891,4/24/1983,Ethiopia,1346.0,-20
892,4/24/1983,Barbados,1322.0,-10
893,4/24/1983,Mauritius,1280.0,20
894,4/24/1983,Benin,1256.0,16
895,4/24/1983,Guyana,1253.0,10
896,4/24/1983,Rwanda,1090.0,-3
897,5/29/1983,Italy,1932.0,-42
898,5/29/1983,Spain,1879.0,7
899,5/29/1983,Sweden,1775.0,42
900,5/29/1983,Egypt,1630.0,14
901,5/29/1983,Cameroon,1610.0,-14
902,5/29/1983,Cuba,1574.0,-22
903,5/29/1983,Morocco,1573.0,20
904,5/29/1983,Senegal,1527.0,7
905,5/29/1983,Iceland,1493.0,-7
906,5/29/1983,Suriname,1478.0,22
907,5/29/1983,Guinea,1476.0,-20
908,5/29/1983,Zimbabwe,1460.0,21
909,5/29/1983,Thailand,1363.0,30
910,5/29/1983,Mozambique,1334.0,-21
911,5/29/1983,Burma,1299.0,-37
912,5/29/1983,Guyana,1268.0,-12
913,5/29/1983,Benin,1249.0,-7
914,5/29/1983,Indonesia,1217.0,-30
915,5/29/1983,Antigua and Barbuda,1159.0,12
916,5/29/1983,Brunei,936.0,37
917,8/26/1983,Syria,1288.0,17
918,8/26/1983,Fiji,1253.0,24
919,8/26/1983,Jordan,1101.0,-17
920,8/26/1983,Vanuatu,1045.0,-24
921,9/10/1983,Singapore,1258.0,-21
922,9/10/1983,Malaysia,1251.0,21
923,10/29/1983,Egypt,1637.0,22
924,10/29/1983,Zambia,1600.0,-22
925,10/29/1983,Malawi,1538.0,-12
926,10/29/1983,Tanzania,1393.0,12
927,10/29/1983,India,1253.0,19
928,10/29/1983,Singapore,1198.0,-19
929,1/11/1984,Poland,1913.0,2
930,1/11/1984,India,1252.0,-2
931,3/23/1984,Saudi Arabia,1474.0,15
932,3/23/1984,Ethiopia,1329.0,4
933,3/23/1984,United Arab Emirates,1253.0,-15
934,3/23/1984,Djibouti,880.0,-4
935,4/19/1984,South Korea,1631.0,4
936,4/19/1984,New Zealand,1554.0,-36
937,4/19/1984,Kuwait,1552.0,36
938,4/19/1984,Bahrain,1251.0,-4
939,9/17/1984,China,1585.0,5
940,9/17/1984,Qatar,1529.0,5
941,9/17/1984,Hong Kong,1254.0,-5
942,9/17/1984,Jordan,1112.0,-5
943,10/6/1984,United States,1586.0,6
944,10/6/1984,Netherlands Antilles,1252.0,-6
945,12/5/1984,Romania,1768.0,-13
946,12/5/1984,Bulgaria,1753.0,2
947,12/5/1984,Zambia,1616.0,10
948,12/5/1984,Greece,1605.0,13
949,12/5/1984,South Korea,1602.0,-5
950,12/5/1984,China,1600.0,17
951,12/5/1984,Malawi,1542.0,4
952,12/5/1984,Kuwait,1541.0,5
953,12/5/1984,Tanzania,1410.0,-10
954,12/5/1984,Singapore,1252.0,-17
955,12/5/1984,Luxembourg,1177.0,-2
956,12/5/1984,Somalia,1160.0,-4
957,1/19/1985,North Korea,1565.0,-12
958,1/19/1985,Singapore,1252.0,12
959,2/19/1985,Senegal,1522.0,8
960,2/19/1985,Mali,1475.0,-25
961,2/19/1985,Gambia,1334.0,25
962,2/19/1985,Cape Verde,1255.0,-8
963,7/1/1985,Malawi,1580.0,8
964,7/1/1985,Guinea-Bissau,1282.0,-13
965,7/1/1985,Cape Verde,1259.0,13
966,7/1/1985,Reunion,1123.0,-8
967,10/20/1985,Mexico,1801.0,-13
968,10/20/1985,Israel,1658.0,4
969,10/20/1985,Egypt,1632.0,13
970,10/20/1985,Australia,1617.0,-4
971,10/20/1985,Malaysia,1321.0,-23
972,10/20/1985,Singapore,1257.0,23
973,12/15/1985,Cameroon,1568.0,-26
974,12/15/1985,Congo,1518.0,26
975,12/15/1985,Guinea,1373.0,1
976,12/15/1985,Gambia,1312.0,-1
977,12/15/1985,Thailand,1252.0,26
978,12/15/1985,Indonesia,1139.0,-26
979,2/27/1986,Ghana,1570.0,8
980,2/27/1986,Togo,1517.0,8
981,2/27/1986,Burkina Faso,1324.0,-8
982,2/27/1986,Liberia,1255.0,-8
983,7/13/1986,Mauritius,1254.0,5
984,7/13/1986,Reunion,1161.0,-5
985,7/26/1986,Malaysia,1341.0,13
986,7/26/1986,Guinea,1338.0,1
987,7/26/1986,Thailand,1264.0,-13
988,7/26/1986,Liberia,1254.0,-1
989,10/19/1986,Congo,1512.0,9
990,10/19/1986,Uganda,1496.0,-11
991,10/19/1986,Angola,1455.0,-18
992,10/19/1986,Gabon,1428.0,18
993,10/19/1986,Sierra Leone,1390.0,-2
994,10/19/1986,Liberia,1264.0,2
995,10/19/1986,Central African Republic,1250.0,-9
996,10/19/1986,Somalia,1198.0,11
997,4/26/1987,Ivory Coast,1648.0,14
998,4/26/1987,Ghana,1612.0,-14
999,4/26/1987,Zambia,1585.0,11
1000,4/26/1987,Saudi Arabia,1565.0,4
1001,4/26/1987,Cuba,1519.0,13
1002,4/26/1987,Zimbabwe,1514.0,-11
1003,4/26/1987,Jamaica,1262.0,-13
1004,4/26/1987,Bahrain,1252.0,-4
1005,4/26/1987,Singapore,1193.0,-16
1006,4/26/1987,Indonesia,1191.0,16
1007,4/26/1987,Antigua and Barbuda,1161.0,-14
1008,4/26/1987,Dominican Republic,1002.0,14
1009,9/16/1987,Malaysia,1313.0,30
1010,9/16/1987,Thailand,1255.0,-30
1011,9/16/1987,Lebanon,1247.0,-13
1012,9/16/1987,San Marino,1013.0,13
1013,12/8/1987,Cameroon,1663.0,1
1014,12/8/1987,Ghana,1628.0,-28
1015,12/8/1987,Angola,1502.0,11
1016,12/8/1987,Cuba,1487.0,-11
1017,12/8/1987,Benin,1252.0,28
1018,12/8/1987,Equatorial Guinea,1065.0,-1
1019,2/14/1988,Mexico,1892.0,16
1020,2/14/1988,China,1600.0,11
1021,2/14/1988,Guatemala,1554.0,-16
1022,2/14/1988,Mali,1384.0,10
1023,2/14/1988,Thailand,1256.0,-11
1024,2/14/1988,Benin,1253.0,-10
1025,2/14/1988,Bangladesh,1061.0,-9
1026,2/14/1988,North Yemen,920.0,9
1027,6/9/1988,Tanzania,1253.0,-5
1028,6/9/1988,Seychelles,989.0,5
1029,7/11/1988,Iraq,1666.0,-17
1030,7/11/1988,Saudi Arabia,1490.0,0
1031,7/11/1988,Tunisia,1483.0,0
1032,7/11/1988,Lebanon,1251.0,17
1033,7/29/1988,Ghana,1499.0,-44
1034,7/29/1988,Mali,1389.0,10
1035,7/29/1988,Netherlands Antilles,1337.0,13
1036,7/29/1988,Niger,1307.0,44
1037,7/29/1988,Benin,1254.0,-10
1038,7/29/1988,Antigua and Barbuda,1187.0,-13
1039,11/6/1988,Zambia,1645.0,-12
1040,11/6/1988,Finland,1614.0,0
1041,11/6/1988,Malawi,1509.0,-16
1042,11/6/1988,Kuwait,1499.0,0
1043,11/6/1988,Ethiopia,1429.0,12
1044,11/6/1988,Tanzania,1252.0,16
1045,2/23/1989,Mexico,1894.0,4
1046,2/23/1989,Iran,1610.0,15
1047,2/23/1989,China,1579.0,2
1048,2/23/1989,Costa Rica,1534.0,-17
1049,2/23/1989,Guatemala,1516.0,17
1050,2/23/1989,El Salvador,1489.0,-4
1051,2/23/1989,Thailand,1255.0,-15
1052,2/23/1989,Bangladesh,1048.0,-2
1053,5/23/1989,England,1891.0,-9
1054,5/23/1989,Uruguay,1855.0,-5
1055,5/23/1989,Chile,1782.0,9
1056,5/23/1989,South Korea,1731.0,2
1057,5/23/1989,Ecuador,1589.0,5
1058,5/23/1989,Malaysia,1250.0,8
1059,5/23/1989,Singapore,1177.0,-2
1060,5/23/1989,Nepal,914.0,-8
1061,5/30/1989,Scotland,1817.0,16
1062,5/30/1989,Chile,1776.0,-16
1063,5/30/1989,Iran,1617.0,3
1064,5/30/1989,Senegal,1504.0,-34
1065,5/30/1989,Guinea,1461.0,6
1066,5/30/1989,Mali,1404.0,11
1067,5/30/1989,Guinea-Bissau,1311.0,-11
1068,5/30/1989,Cape Verde,1254.0,34
1069,5/30/1989,Thailand,1199.0,-3
1070,5/30/1989,Mauritania,1075.0,-6
1071,8/4/1989,Senegal,1547.0,-5
1072,8/4/1989,Gambia,1253.0,5
1073,8/21/1989,Malaysia,1270.0,3
1074,8/21/1989,Indonesia,1250.0,10
1075,8/21/1989,Brunei,889.0,-10
1076,8/21/1989,Philippines,812.0,-3
1077,12/12/1989,Cameroon,1700.0,5
1078,12/12/1989,Gabon,1443.0,19
1079,12/12/1989,Chad,1273.0,-19
1080,12/12/1989,Central African Republic,1250.0,-5
1081,3/18/1990,Barbados,1248.0,-12
1082,3/18/1990,Jamaica,1233.0,12
1083,5/13/1990,Brazil,1992.0,-8
1084,5/13/1990,Mexico,1904.0,-40
1085,5/13/1990,East Germany,1764.0,8
1086,5/13/1990,Canada,1643.0,40
1087,5/13/1990,Martinique,1412.0,-21
1088,5/13/1990,Bermuda,1373.0,34
1089,5/13/1990,Saint Vincent and the Grenadines,1336.0,21
1090,5/13/1990,Jamaica,1263.0,7
1091,5/13/1990,Saint Lucia,1252.0,-34
1092,5/13/1990,French Guiana,1236.0,1
1093,5/13/1990,Dominica,1158.0,-1
1094,5/13/1990,Cayman Islands,1038.0,-7
1095,5/27/1990,Sweden,1951.0,3
1096,5/27/1990,Ireland,1888.0,-4
1097,5/27/1990,Turkey,1649.0,4
1098,5/27/1990,Finland,1613.0,-3
1099,5/27/1990,Georgia,1581.0,-9
1100,5/27/1990,Grenada,1363.0,-2
1101,5/27/1990,Suriname,1360.0,5
1102,5/27/1990,Netherlands Antilles,1336.0,-5
1103,5/27/1990,Saint Lucia,1288.0,36
1104,5/27/1990,Lithuania,1251.0,9
1105,5/27/1990,Guyana,1230.0,2
1106,5/27/1990,Antigua and Barbuda,1182.0,-36
1107,9/27/1990,South Korea,1748.0,24
1108,9/27/1990,China,1525.0,-24
1109,9/27/1990,Kuwait,1491.0,-33
1110,9/27/1990,Thailand,1299.0,33
1111,9/27/1990,Hong Kong,1258.0,27
1112,9/27/1990,Singapore,1241.0,17
1113,9/27/1990,Yemen,1171.0,-27
1114,9/27/1990,Pakistan,980.0,-17
1115,12/22/1990,Italy,2016.0,2
1116,12/22/1990,Croatia,1887.0,9
1117,12/22/1990,Romania,1812.0,-9
1118,12/22/1990,Cyprus,1256.0,-2
1119,2/6/1991,England,1991.0,2
1120,2/6/1991,Ireland,1903.0,16
1121,2/6/1991,Czechoslovakia,1903.0,10
1122,2/6/1991,Soviet Union,1895.0,10
1123,2/6/1991,Scotland,1767.0,-10
1124,2/6/1991,Wales,1746.0,-16
1125,2/6/1991,Australia,1652.0,-10
1126,2/6/1991,Cameroon,1647.0,-2
1127,2/6/1991,Guinea-Bissau,1330.0,7
1128,2/6/1991,Malaysia,1267.0,-21
1129,2/6/1991,Indonesia,1254.0,21
1130,2/6/1991,Gambia,1203.0,-7
1131,5/29/1991,Soviet Union,1899.0,1
1132,5/29/1991,Poland,1786.0,-4
1133,5/29/1991,Wales,1762.0,4
1134,5/29/1991,Costa Rica,1684.0,10
1135,5/29/1991,Honduras,1515.0,-4
1136,5/29/1991,Guatemala,1458.0,4
1137,5/29/1991,El Salvador,1415.0,-10
1138,5/29/1991,Cyprus,1255.0,-1
1139,10/5/1991,Singapore,1251.0,10
1140,10/5/1991,Indonesia,1209.0,-10
1141,11/7/1991,Malaysia,1251.0,-15
1142,11/7/1991,Myanmar,1173.0,15
1143,11/25/1991,Malawi,1355.0,10
1144,11/25/1991,Thailand,1306.0,-3
1145,11/25/1991,Singapore,1254.0,3
1146,11/25/1991,Zanzibar,1134.0,-10
1147,3/25/1992,Germany,2077.0,-10
1148,3/25/1992,England,1998.0,-1
1149,3/25/1992,France,1990.0,-7
1150,3/25/1992,Italy,1980.0,10
1151,3/25/1992,Netherlands,1955.0,11
1152,3/25/1992,Yugoslavia,1932.0,-11
1153,3/25/1992,Ireland,1901.0,4
1154,3/25/1992,Czechoslovakia,1861.0,1
1155,3/25/1992,Belgium,1811.0,7
1156,3/25/1992,Switzerland,1776.0,-4
1157,3/25/1992,Scotland,1755.0,-6
1158,3/25/1992,Hungary,1723.0,5
1159,3/25/1992,Greece,1666.0,4
1160,3/25/1992,Finland,1620.0,6
1161,3/25/1992,Austria,1610.0,-5
1162,3/25/1992,Turkey,1567.0,3
1163,3/25/1992,Cyprus,1252.0,-4
1164,3/25/1992,Luxembourg,1177.0,-3
1165,4/22/1992,Germany,2074.0,-3
1166,4/22/1992,Czechoslovakia,1864.0,3
1167,4/22/1992,Spain,1839.0,4
1168,4/22/1992,Belgium,1812.0,1
1169,4/22/1992,Sweden,1811.0,6
1170,4/22/1992,Tunisia,1540.0,-6
1171,4/22/1992,Albania,1449.0,-4
1172,4/22/1992,Indonesia,1282.0,26
1173,4/22/1992,Cyprus,1251.0,-1
1174,4/22/1992,Singapore,1241.0,-26
1175,6/13/1992,Australia,1712.0,13
1176,6/13/1992,United States,1694.0,-13
1177,6/13/1992,Canada,1556.0,4
1178,6/13/1992,Hong Kong,1252.0,-4
1179,7/22/1992,Egypt,1663.0,13
1180,7/22/1992,Cameroon,1663.0,-13
1181,7/22/1992,Tahiti,1467.0,7
1182,7/22/1992,New Caledonia,1252.0,-7
1183,8/15/1992,Nigeria,1622.0,-9
1184,8/15/1992,Ghana,1622.0,-12
1185,8/15/1992,Zambia,1588.0,3
1186,8/15/1992,Uganda,1504.0,19
1187,8/15/1992,Ethiopia,1438.0,-19
1188,8/15/1992,Sudan,1363.0,9
1189,8/15/1992,Tanzania,1300.0,12
1190,8/15/1992,Mauritius,1251.0,-3
1191,10/14/1992,Germany,1995.0,-7
1192,10/14/1992,Italy,1982.0,-14
1193,10/14/1992,Netherlands,1956.0,-14
1194,10/14/1992,England,1940.0,-14
1195,10/14/1992,Denmark,1899.0,-7
1196,10/14/1992,France,1894.0,6
1197,10/14/1992,Ireland,1887.0,7
1198,10/14/1992,Russia,1881.0,3
1199,10/14/1992,Belgium,1858.0,14
1200,10/14/1992,Spain,1830.0,-4
1201,10/14/1992,Romania,1823.0,-14
1202,10/14/1992,Mexico,1814.0,7
1203,10/14/1992,Switzerland,1813.0,14
1204,10/14/1992,Poland,1797.0,14
1205,10/14/1992,Scotland,1786.0,-6
1206,10/14/1992,Portugal,1786.0,6
1207,10/14/1992,Wales,1781.0,5
1208,10/14/1992,Norway,1773.0,14
1209,10/14/1992,Uzbekistan,1676.0,-10
1210,10/14/1992,Northern Ireland,1664.0,4
1211,10/14/1992,Slovakia,1664.0,5
1212,10/14/1992,Kazakhstan,1612.0,10
1213,10/14/1992,Austria,1606.0,-6
1214,10/14/1992,Iceland,1564.0,-3
1215,10/14/1992,Turkmenistan,1485.0,8
1216,10/14/1992,Lithuania,1358.0,-5
1217,10/14/1992,Cyprus,1322.0,-5
1218,10/14/1992,Armenia,1251.0,4
1219,10/14/1992,Moldova,,-4
1220,10/14/1992,Kyrgyzstan,1196.0,-8
1221,12/2/1992,Bulgaria,1803.0,22
1222,12/2/1992,Norway,1758.0,-15
1223,12/2/1992,Uzbekistan,1644.0,-7
1224,12/2/1992,Israel,1570.0,-22
1225,12/2/1992,China,1477.0,15
1226,12/2/1992,Guatemala,1467.0,6
1227,12/2/1992,Jamaica,1411.0,-6
1228,12/2/1992,Malaysia,1250.0,7
1229,2/9/1993,Thailand,1354.0,-5
1230,2/9/1993,Singapore,1253.0,5
1231,3/19/1993,Qatar,1483.0,4
1232,3/19/1993,Lebanon,1252.0,-4
1233,5/7/1993,Japan,1589.0,2
1234,5/7/1993,United Arab Emirates,1524.0,-2
1235,5/7/1993,Bahrain,1361.0,-27
1236,5/7/1993,Hong Kong,1281.0,27
1237,5/7/1993,Lebanon,1253.0,-10
1238,5/7/1993,India,1189.0,10
1239,5/7/1993,Bangladesh,1063.0,16
1240,5/7/1993,Sri Lanka,819.0,-16
1241,6/14/1993,Iraq,1677.0,10
1242,6/14/1993,Iran,1640.0,7
1243,6/14/1993,Turkmenistan,1509.0,-7
1244,6/14/1993,Jordan,1341.0,-10
1245,6/14/1993,Yemen,1251.0,12
1246,6/14/1993,Pakistan,950.0,-12
1247,8/29/1993,Argentina,1972.0,-16
1248,8/29/1993,Brazil,1928.0,14
1249,8/29/1993,Colombia,1872.0,7
1250,8/29/1993,Uruguay,1782.0,3
1251,8/29/1993,Bolivia,1713.0,-14
1252,8/29/1993,Paraguay,1697.0,16
1253,8/29/1993,Peru,1550.0,-7
1254,8/29/1993,Madagascar,1508.0,6
1255,8/29/1993,Venezuela,1323.0,-3
1256,8/29/1993,Reunion,1252.0,-6
1257,11/29/1993,Mali,1501.0,15
1258,11/29/1993,Senegal,1452.0,9
1259,11/29/1993,Guinea-Bissau,1251.0,-15
1260,11/29/1993,Mauritania,1077.0,-9
1261,1/21/1994,French Guiana,1249.0,-8
1262,1/21/1994,Guyana,1120.0,8
1263,3/8/1994,Guadeloupe,1347.0,36
1264,3/8/1994,Saint Vincent and the Grenadines,1250.0,-36
1265,5/15/1994,United States,1601.0,1
1266,5/15/1994,Armenia,1250.0,-1
1267,7/7/1994,Fiji,1413.0,-26
1268,7/7/1994,Solomon Islands,1253.0,26
1269,7/7/1994,Papua New Guinea,1092.0,-6
1270,7/7/1994,Vanuatu,991.0,6
1271,10/7/1994,Uzbekistan,1710.0,5
1272,10/7/1994,Saudi Arabia,1666.0,4
1273,10/7/1994,South Korea,1651.0,-29
1274,10/7/1994,China,1565.0,21
1275,10/7/1994,Turkmenistan,1543.0,10
1276,10/7/1994,Kuwait,1540.0,29
1277,10/7/1994,Iran,1536.0,-21
1278,10/7/1994,Thailand,1349.0,-5
1279,10/7/1994,Malaysia,1253.0,-4
1280,10/7/1994,Yemen,1206.0,-10
1281,4/2/1995,Gabon,1443.0,4
1282,4/2/1995,Barbados,1314.0,28
1283,4/2/1995,Saint Vincent and the Grenadines,1251.0,-11
1284,4/2/1995,Dominica,1156.0,11
1285,4/2/1995,Benin,1136.0,-4
1286,4/2/1995,Guyana,1071.0,-28
1287,4/2/1995,India,1069.0,-24
1288,4/2/1995,Sri Lanka,946.0,24
1289,4/2/1995,Montserrat,644.0,22
1290,4/2/1995,Anguilla,528.0,-22
1291,5/1/1995,Saint Vincent and the Grenadines,1253.0,2
1292,5/1/1995,Montserrat,642.0,-2
1293,7/21/1995,Iraq,1651.0,5
1294,7/21/1995,Trinidad and Tobago,1579.0,15
1295,7/21/1995,Cuba,1523.0,23
1296,7/21/1995,Jamaica,1422.0,-23
1297,7/21/1995,Saint Vincent and the Grenadines,1290.0,31
1298,7/21/1995,Saint Lucia,1289.0,-15
1299,7/21/1995,Malaysia,1253.0,-5
1300,7/21/1995,French Guiana,1238.0,-31
1301,7/21/1995,Antigua and Barbuda,1149.0,-34
1302,7/21/1995,Cayman Islands,1072.0,34
1303,9/6/1995,Germany,2019.0,4
1304,9/6/1995,Italy,1985.0,2
1305,9/6/1995,Denmark,1975.0,27
1306,9/6/1995,Spain,1975.0,2
1307,9/6/1995,France,1914.0,4
1308,9/6/1995,Romania,1899.0,-2
1309,9/6/1995,Russia,1891.0,2
1310,9/6/1995,Czechia,1885.0,23
1311,9/6/1995,Netherlands,1870.0,2
1312,9/6/1995,Bulgaria,1870.0,-16
1313,9/6/1995,Colombia,1860.0,3
1314,9/6/1995,England,1858.0,-3
1315,9/6/1995,Norway,1852.0,-23
1316,9/6/1995,Sweden,1850.0,-7
1317,9/6/1995,Switzerland,1830.0,7
1318,9/6/1995,Scotland,1791.0,5
1319,9/6/1995,Belgium,1784.0,-27
1320,9/6/1995,Ireland,1772.0,-36
1321,9/6/1995,Poland,1763.0,2
1322,9/6/1995,Turkey,1755.0,13
1323,9/6/1995,Austria,1676.0,36
1324,9/6/1995,Slovakia,1666.0,13
1325,9/6/1995,Wales,1633.0,7
1326,9/6/1995,Georgia,1629.0,-4
1327,9/6/1995,Ukraine,1622.0,29
1328,9/6/1995,Israel,1617.0,-13
1329,9/6/1995,Greece,1604.0,4
1330,9/6/1995,Hungary,1598.0,-13
1331,9/6/1995,Slovenia,1582.0,-2
1332,9/6/1995,Macedonia,1548.0,-37
1333,9/6/1995,Finland,1530.0,-5
1334,9/6/1995,Lithuania,1455.0,-29
1335,9/6/1995,Azerbaijan,1449.0,-4
1336,9/6/1995,Belarus,1441.0,-2
1337,9/6/1995,Latvia,1434.0,3
1338,9/6/1995,Albania,1433.0,16
1339,9/6/1995,Cyprus,1380.0,-2
1340,9/6/1995,Malta,1357.0,-23
1341,9/6/1995,Armenia,1293.0,37
1342,9/6/1995,Luxembourg,1255.0,23
1343,9/6/1995,Faroe Islands,1171.0,-2
1344,9/6/1995,Liechtenstein,1105.0,-3
1345,9/6/1995,San Marino,986.0,-4
1346,9/6/1995,Moldova,,-7
1347,11/22/1995,South Africa,1648.0,-5
1348,11/22/1995,Egypt,1636.0,-6
1349,11/22/1995,Zambia,1635.0,5
1350,11/22/1995,Sierra Leone,1526.0,-4
1351,11/22/1995,Zimbabwe,1495.0,6
1352,11/22/1995,Senegal,1458.0,4
1353,11/22/1995,Guinea,1319.0,-27
1354,11/22/1995,Guinea-Bissau,1252.0,27
1355,3/2/1996,Kuwait,1492.0,13
1356,3/2/1996,Oman,1269.0,-13
1357,3/2/1996,Indonesia,1254.0,5
1358,3/2/1996,Malaysia,1227.0,-5
1359,4/24/1996,Brazil,2071.0,6
1360,4/24/1996,Germany,2056.0,9
1361,4/24/1996,Spain,1988.0,-2
1362,4/24/1996,Denmark,1968.0,5
1363,4/24/1996,Yugoslavia,1947.0,0
1364,4/24/1996,Russia,1925.0,-2
1365,4/24/1996,Czechia,1908.0,5
1366,4/24/1996,Netherlands,1908.0,-9
1367,4/24/1996,Croatia,1902.0,2
1368,4/24/1996,Romania,1891.0,5
1369,4/24/1996,England,1872.0,-2
1370,4/24/1996,Colombia,1867.0,9
1371,4/24/1996,Sweden,1859.0,7
1372,4/24/1996,Argentina,1857.0,12
1373,4/24/1996,Uruguay,1843.0,6
1374,4/24/1996,Bulgaria,1827.0,-2
1375,4/24/1996,Norway,1817.0,2
1376,4/24/1996,Switzerland,1813.0,5
1377,4/24/1996,Scotland,1782.0,-5
1378,4/24/1996,Belgium,1767.0,2
1379,4/24/1996,Paraguay,1740.0,-9
1380,4/24/1996,South Africa,1728.0,-6
1381,4/24/1996,Ireland,1721.0,-5
1382,4/24/1996,Chile,1717.0,12
1383,4/24/1996,Ecuador,1688.0,16
1384,4/24/1996,Bolivia,1687.0,-12
1385,4/24/1996,Austria,1682.0,16
1386,4/24/1996,Slovakia,1675.0,2
1387,4/24/1996,Australia,1669.0,-12
1388,4/24/1996,Georgia,1636.0,-5
1389,4/24/1996,Northern Ireland,1634.0,-7
1390,4/24/1996,Greece,1624.0,23
1391,4/24/1996,Wales,1615.0,-5
1392,4/24/1996,Slovenia,1600.0,-23
1393,4/24/1996,Bosnia and Herzegovina,1595.0,-6
1394,4/24/1996,Hungary,1584.0,-16
1395,4/24/1996,Jamaica,1566.0,5
1396,4/24/1996,Iceland,1563.0,4
1397,4/24/1996,Macedonia,1547.0,3
1398,4/24/1996,Peru,1542.0,-16
1399,4/24/1996,Martinique,1470.0,7
1400,4/24/1996,Albania,1460.0,6
1401,4/24/1996,Venezuela,1335.0,-6
1402,4/24/1996,Grenada,1328.0,-9
1403,4/24/1996,Saint Lucia,1281.0,-7
1404,4/24/1996,Saint Vincent and the Grenadines,1279.0,9
1405,4/24/1996,Barbados,1251.0,-5
1406,4/24/1996,Faroe Islands,1183.0,0
1407,4/24/1996,Liechtenstein,1096.0,-3
1408,4/24/1996,Estonia,1092.0,-4
1409,5/26/1996,Yugoslavia,1923.0,-21
1410,5/26/1996,Scotland,1773.0,-9
1411,5/26/1996,United States,1743.0,9
1412,5/26/1996,Chile,1726.0,9
1413,5/26/1996,Japan,1706.0,21
1414,5/26/1996,Bolivia,1674.0,-9
1415,5/26/1996,Ghana,1620.0,-21
1416,5/26/1996,Egypt,1616.0,21
1417,5/26/1996,Tunisia,1608.0,6
1418,5/26/1996,Algeria,1602.0,4
1419,5/26/1996,Ivory Coast,1591.0,11
1420,5/26/1996,Trinidad and Tobago,1523.0,8
1421,5/26/1996,Jamaica,1515.0,11
1422,5/26/1996,Gabon,1492.0,-11
1423,5/26/1996,Kenya,1468.0,11
1424,5/26/1996,Senegal,1458.0,-6
1425,5/26/1996,Turkmenistan,1432.0,-30
1426,5/26/1996,Malawi,1425.0,7
1427,5/26/1996,Lebanon,1406.0,30
1428,5/26/1996,Mozambique,1404.0,-7
1429,5/26/1996,Uganda,1382.0,-11
1430,5/26/1996,Oman,1265.0,-4
1431,5/26/1996,Suriname,1252.0,-8
1432,5/26/1996,Saint Kitts and Nevis,1207.0,-11
1433,9/7/1996,Indonesia,1305.0,15
1434,9/7/1996,Vietnam,1252.0,30
1435,9/7/1996,Myanmar,1147.0,-30
1436,9/7/1996,Cambodia,1051.0,-15
1437,10/13/1996,Japan,1747.0,4
1438,10/13/1996,Canada,1646.0,14
1439,10/13/1996,Tunisia,1621.0,-4
1440,10/13/1996,Honduras,1577.0,18
1441,10/13/1996,Cuba,1511.0,-14
1442,10/13/1996,Saint Vincent and the Grenadines,1251.0,-18
1443,12/4/1996,South Korea,1672.0,-1
1444,12/4/1996,United Arab Emirates,1562.0,1
1445,12/4/1996,Kuwait,1540.0,-18
1446,12/4/1996,Indonesia,1249.0,18
1447,12/15/1996,Colombia,1882.0,5
1448,12/15/1996,Paraguay,1812.0,-3
1449,12/15/1996,Argentina,1805.0,-10
1450,12/15/1996,Uruguay,1768.0,12
1451,12/15/1996,Japan,1744.0,-59
1452,12/15/1996,Chile,1740.0,10
1453,12/15/1996,Canada,1675.0,30
1454,12/15/1996,Bolivia,1664.0,3
1455,12/15/1996,Iraq,1648.0,-24
1456,12/15/1996,Kuwait,1635.0,59
1457,12/15/1996,Zambia,1616.0,11
1458,12/15/1996,Israel,1614.0,3
1459,12/15/1996,United Arab Emirates,1609.0,24
1460,12/15/1996,Peru,1606.0,-12
1461,12/15/1996,El Salvador,1520.0,-30
1462,12/15/1996,Cuba,1453.0,-34
1463,12/15/1996,Kenya,1394.0,-11
1464,12/15/1996,Panama,1376.0,34
1465,12/15/1996,Venezuela,1368.0,-5
1466,12/15/1996,Luxembourg,1255.0,-3
1467,3/25/1997,Japan,1707.0,2
1468,3/25/1997,Ecuador,1695.0,-2
1469,3/25/1997,Guatemala,1517.0,2
1470,3/25/1997,Oman,1252.0,2
1471,3/25/1997,Macao,999.0,-2
1472,3/25/1997,Nepal,825.0,-2
1473,4/2/1997,Germany,2084.0,1
1474,4/2/1997,Brazil,2071.0,3
1475,4/2/1997,France,2038.0,3
1476,4/2/1997,Italy,1991.0,-12
1477,4/2/1997,Yugoslavia,1953.0,26
1478,4/2/1997,Netherlands,1926.0,-29
1479,4/2/1997,Czechia,1900.0,-26
1480,4/2/1997,Croatia,1874.0,-16
1481,4/2/1997,Romania,1865.0,6
1482,4/2/1997,Paraguay,1843.0,16
1483,4/2/1997,Colombia,1839.0,-16
1484,4/2/1997,Sweden,1830.0,-3
1485,4/2/1997,Bulgaria,1817.0,5
1486,4/2/1997,Scotland,1810.0,15
1487,4/2/1997,Argentina,1807.0,-23
1488,4/2/1997,Australia,1795.0,13
1489,4/2/1997,Uruguay,1730.0,4
1490,4/2/1997,Chile,1724.0,-3
1491,4/2/1997,Turkey,1719.0,29
1492,4/2/1997,Switzerland,1714.0,2
1493,4/2/1997,Ireland,1705.0,-25
1494,4/2/1997,Greece,1705.0,21
1495,4/2/1997,Bolivia,1705.0,23
1496,4/2/1997,Ecuador,1698.0,3
1497,4/2/1997,Austria,1690.0,-15
1498,4/2/1997,Ukraine,1679.0,14
1499,4/2/1997,Poland,1671.0,12
1500,4/2/1997,Peru,1647.0,-3
1501,4/2/1997,Northern Ireland,1636.0,-14
1502,4/2/1997,Hungary,1615.0,-13
1503,4/2/1997,Slovenia,1600.0,16
1504,4/2/1997,Bosnia and Herzegovina,1574.0,-21
1505,4/2/1997,Macedonia,1561.0,25
1506,4/2/1997,Trinidad and Tobago,1483.0,2
1507,4/2/1997,Finland,1476.0,24
1508,4/2/1997,Lithuania,1454.0,-6
1509,4/2/1997,Cyprus,1442.0,-5
1510,4/2/1997,Albania,1417.0,-1
1511,4/2/1997,Azerbaijan,1393.0,-24
1512,4/2/1997,Latvia,1391.0,-2
1513,4/2/1997,Venezuela,1359.0,-4
1514,4/2/1997,Barbados,1286.0,-2
1515,4/2/1997,Grenada,1253.0,2
1516,4/2/1997,Dominica,1187.0,5
1517,4/2/1997,Guyana,1099.0,-2
1518,4/2/1997,Sint Maarten,967.0,5
1519,4/2/1997,British Virgin Islands,818.0,-5
1520,4/2/1997,Anguilla,516.0,-5
1521,7/10/1997,Jamaica,1558.0,-6
1522,7/10/1997,Trinidad and Tobago,1465.0,6
1523,7/10/1997,Latvia,1429.0,7
1524,7/10/1997,Grenada,1313.0,-20
1525,7/10/1997,Saint Kitts and Nevis,1254.0,20
1526,7/10/1997,Estonia,1217.0,-7
1527,10/7/1997,Poland,1705.0,19
1528,10/7/1997,Thailand,1447.0,2
1529,10/7/1997,Malaysia,1324.0,2
1530,10/7/1997,Indonesia,1294.0,-13
1531,10/7/1997,Singapore,1256.0,-7
1532,10/7/1997,Vietnam,1159.0,13
1533,10/7/1997,Myanmar,1143.0,7
1534,10/7/1997,Brunei,801.0,-2
1535,10/7/1997,Philippines,734.0,-2
1536,10/7/1997,Moldova,,-19
1537,12/2/1997,Senegal,1425.0,0
1538,12/2/1997,Gambia,1330.0,0
1539,12/2/1997,Cape Verde,1256.0,-4
1540,12/2/1997,Mauritania,1185.0,4
1541,3/20/1998,Martinique,1450.0,22
1542,3/20/1998,Barbados,1276.0,-22
1543,3/20/1998,Saint Vincent and the Grenadines,1254.0,-17
1544,3/20/1998,Saint Lucia,1248.0,17
1545,7/22/1998,Jamaica,1648.0,2
1546,7/22/1998,Martinique,1479.0,15
1547,7/22/1998,Trinidad and Tobago,1442.0,4
1548,7/22/1998,Senegal,1431.0,3
1549,7/22/1998,Haiti,1404.0,23
1550,7/22/1998,Cape Verde,1253.0,-3
1551,7/22/1998,Netherlands Antilles,1219.0,-23
1552,7/22/1998,Dominica,1204.0,-15
1553,7/22/1998,Antigua and Barbuda,1132.0,-4
1554,7/22/1998,Cayman Islands,1102.0,-2
1555,9/11/1998,Saudi Arabia,1631.0,3
1556,9/11/1998,Tanzania,1256.0,-3
1557,11/19/1998,Uzbekistan,1526.0,6
1558,11/19/1998,Vietnam,1246.0,2
1559,11/19/1998,Hong Kong,1218.0,-2
1560,11/19/1998,India,1111.0,-6
1561,3/16/1999,Cyprus,1506.0,-18
1562,3/16/1999,Estonia,1250.0,18
1563,4/13/1999,Grenada,1285.0,-9
1564,4/13/1999,Saint Vincent and the Grenadines,1249.0,9
1565,7/6/1999,Brazil,2068.0,7
1566,7/6/1999,Mexico,1879.0,5
1567,7/6/1999,Chile,1744.0,-7
1568,7/6/1999,Venezuela,1398.0,-5
1569,7/6/1999,Uganda,1381.0,24
1570,7/6/1999,Malawi,1252.0,-24
1571,8/28/1999,Nigeria,1692.0,-6
1572,8/28/1999,Ghana,1580.0,6
1573,8/28/1999,Namibia,1325.0,-10
1574,8/28/1999,Swaziland,1254.0,10
1575,12/19/1999,Saint Lucia,1252.0,-11
1576,12/19/1999,Dominica,1144.0,11
1577,3/19/2000,Guatemala,1527.0,3
1578,3/19/2000,Cuba,1506.0,-14
1579,3/19/2000,Haiti,1441.0,16
1580,3/19/2000,Panama,1384.0,7
1581,3/19/2000,Bermuda,1308.0,4
1582,3/19/2000,Suriname,1274.0,16
1583,3/19/2000,Saint Lucia,1272.0,-16
1584,3/19/2000,Saint Vincent and the Grenadines,1253.0,6
1585,3/19/2000,Swaziland,1213.0,-24
1586,3/19/2000,Cayman Islands,1134.0,14
1587,3/19/2000,Dominica,1132.0,-16
1588,3/19/2000,Dominican Republic,1122.0,3
1589,3/19/2000,Belize,1071.0,-3
1590,3/19/2000,Botswana,1033.0,24
1591,3/19/2000,Nicaragua,925.0,-7
1592,3/19/2000,Bahamas,851.0,3
1593,3/19/2000,British Virgin Islands,829.0,-4
1594,3/19/2000,US Virgin Islands,712.0,-6
1595,3/19/2000,Montserrat,606.0,-3
1596,3/19/2000,Anguilla,497.0,-3
1597,3/25/2000,Zambia,1521.0,2
1598,3/25/2000,Thailand,1501.0,-3
1599,3/25/2000,Jordan,1481.0,-5
1600,3/25/2000,North Korea,1451.0,3
1601,3/25/2000,Bahrain,1298.0,5
1602,3/25/2000,Malawi,1251.0,3
1603,3/25/2000,Tanzania,1243.0,-3
1604,3/25/2000,Malaysia,1229.0,11
1605,3/25/2000,Botswana,1031.0,-2
1606,3/25/2000,Taiwan,1020.0,-11
1607,4/16/2000,Honduras,1652.0,1
1608,4/16/2000,Trinidad and Tobago,1595.0,4
1609,4/16/2000,Cuba,1503.0,-8
1610,4/16/2000,El Salvador,1445.0,11
1611,4/16/2000,Haiti,1434.0,4
1612,4/16/2000,Kenya,1394.0,2
1613,4/16/2000,Uganda,1372.0,-2
1614,4/16/2000,Barbados,1360.0,5
1615,4/16/2000,Bermuda,1305.0,-3
1616,4/16/2000,Suriname,1277.0,8
1617,4/16/2000,Saint Vincent and the Grenadines,1268.0,15
1618,4/16/2000,Saint Kitts and Nevis,1250.0,-15
1619,4/16/2000,Antigua and Barbuda,1163.0,3
1620,4/16/2000,Dominican Republic,1115.0,-4
1621,4/16/2000,Belize,1060.0,-11
1622,4/16/2000,Aruba,998.0,-5
1623,4/16/2000,Nicaragua,924.0,-1
1624,4/16/2000,Bahamas,845.0,-4
1625,5/28/2000,France,2064.0,14
1626,5/28/2000,Yugoslavia,1946.0,-4
1627,5/28/2000,Croatia,1905.0,-14
1628,5/28/2000,Iran,1726.0,11
1629,5/28/2000,South Korea,1723.0,4
1630,5/28/2000,South Africa,1679.0,2
1631,5/28/2000,Syria,1531.0,-11
1632,5/28/2000,Kazakhstan,1449.0,11
1633,5/28/2000,Palestine,1255.0,-11
1634,5/28/2000,Malta,1233.0,-2
1635,5/28/2000,Hong Kong,1203.0,7
1636,5/28/2000,Macao,975.0,-7
1637,7/15/2000,Zambia,1505.0,11
1638,7/15/2000,Madagascar,1418.0,5
1639,7/15/2000,Burundi,1418.0,1
1640,7/15/2000,Liberia,1412.0,22
1641,7/15/2000,Uganda,1380.0,21
1642,7/15/2000,Gabon,1376.0,7
1643,7/15/2000,Kenya,1358.0,13
1644,7/15/2000,Namibia,1346.0,25
1645,7/15/2000,Sudan,1344.0,-25
1646,7/15/2000,Cape Verde,1336.0,-22
1647,7/15/2000,Ethiopia,1324.0,-11
1648,7/15/2000,Malawi,1248.0,-21
1649,7/15/2000,Benin,1239.0,-25
1650,7/15/2000,Eritrea,1204.0,25
1651,7/15/2000,Swaziland,1172.0,-13
1652,7/15/2000,Botswana,1101.0,-5
1653,7/15/2000,Sao Tome and Principe,1074.0,-7
1654,7/15/2000,Djibouti,881.0,-1
1655,10/8/2000,Brazil,2016.0,5
1656,10/8/2000,Argentina,1971.0,6
1657,10/8/2000,Mexico,1856.0,15
1658,10/8/2000,Uruguay,1757.0,-6
1659,10/8/2000,Chile,1728.0,-19
1660,10/8/2000,Honduras,1701.0,10
1661,10/8/2000,Egypt,1682.0,8
1662,10/8/2000,Peru,1681.0,-22
1663,10/8/2000,Ecuador,1678.0,19
1664,10/8/2000,Morocco,1670.0,3
1665,10/8/2000,Trinidad and Tobago,1645.0,-15
1666,10/8/2000,Jamaica,1594.0,-10
1667,10/8/2000,Bolivia,1590.0,22
1668,10/8/2000,Ghana,1558.0,25
1669,10/8/2000,Guatemala,1552.0,25
1670,10/8/2000,Uzbekistan,1525.0,9
1671,10/8/2000,Thailand,1506.0,-12
1672,10/8/2000,Algeria,1505.0,4
1673,10/8/2000,Guinea,1504.0,13
1674,10/8/2000,Zimbabwe,1502.0,-25
1675,10/8/2000,Zambia,1493.0,18
1676,10/8/2000,Qatar,1489.0,12
1677,10/8/2000,Angola,1468.0,-4
1678,10/8/2000,Senegal,1454.0,-13
1679,10/8/2000,Venezuela,1423.0,-5
1680,10/8/2000,Togo,1423.0,27
1681,10/8/2000,El Salvador,1422.0,18
1682,10/8/2000,Congo,1422.0,16
1683,10/8/2000,Turkmenistan,1422.0,-9
1684,10/8/2000,Uganda,1387.0,-27
1685,10/8/2000,Kenya,1353.0,-3
1686,10/8/2000,Barbados,1339.0,-25
1687,10/8/2000,Sudan,1326.0,-8
1688,10/8/2000,Namibia,1323.0,-18
1689,10/8/2000,Singapore,1281.0,-10
1690,10/8/2000,Saint Vincent and the Grenadines,1254.0,-18
1691,10/8/2000,Mauritius,1227.0,-16
1692,10/8/2000,Hong Kong,1213.0,10
1693,11/18/2000,Thailand,1541.0,14
1694,11/18/2000,Uganda,1401.0,-10
1695,11/18/2000,Indonesia,1366.0,-14
1696,11/18/2000,Ethiopia,1334.0,10
1697,11/18/2000,Malaysia,1302.0,38
1698,11/18/2000,Vietnam,1253.0,-38
1699,2/21/2001,Kuwait,1623.0,2
1700,2/21/2001,Guatemala,1538.0,-1
1701,2/21/2001,Panama,1392.0,1
1702,2/21/2001,Martinique,1360.0,7
1703,2/21/2001,Bahrain,1340.0,12
1704,2/21/2001,Saint Lucia,1253.0,-7
1705,2/21/2001,Singapore,1224.0,-2
1706,2/21/2001,Hong Kong,1213.0,10
1707,2/21/2001,Kyrgyzstan,1168.0,-12
1708,2/21/2001,Macao,965.0,-10
1709,3/8/2001,Qatar,1560.0,6
1710,3/8/2001,Malaysia,1321.0,32
1711,3/8/2001,Palestine,1252.0,-6
1712,3/8/2001,Hong Kong,1178.0,-32
1713,4/21/2001,Morocco,1701.0,4
1714,4/21/2001,Nigeria,1657.0,-34
1715,4/21/2001,Iraq,1606.0,1
1716,4/21/2001,Senegal,1540.0,27
1717,4/21/2001,Algeria,1503.0,-27
1718,4/21/2001,Angola,1483.0,4
1719,4/21/2001,Kazakhstan,1455.0,1
1720,4/21/2001,Zambia,1450.0,-4
1721,4/21/2001,Burkina Faso,1384.0,14
1722,4/21/2001,Sierra Leone,1333.0,34
1723,4/21/2001,Namibia,1319.0,-4
1724,4/21/2001,Malawi,1252.0,-14
1725,4/21/2001,Macao,907.0,-1
1726,4/21/2001,Nepal,832.0,-1
1727,9/1/2001,France,2114.0,-18
1728,9/1/2001,Italy,2015.0,-18
1729,9/1/2001,Portugal,2001.0,0
1730,9/1/2001,Netherlands,1995.0,-24
1731,9/1/2001,Spain,1962.0,9
1732,9/1/2001,England,1949.0,50
1733,9/1/2001,Croatia,1890.0,-3
1734,9/1/2001,Germany,1871.0,-50
1735,9/1/2001,Sweden,1868.0,8
1736,9/1/2001,Ireland,1867.0,24
1737,9/1/2001,Czechia,1849.0,-44
1738,9/1/2001,Yugoslavia,1845.0,18
1739,9/1/2001,Poland,1819.0,21
1740,9/1/2001,Russia,1815.0,-23
1741,9/1/2001,Denmark,1804.0,-17
1742,9/1/2001,Honduras,1784.0,28
1743,9/1/2001,United States,1781.0,-28
1744,9/1/2001,Turkey,1755.0,22
1745,9/1/2001,Scotland,1748.0,3
1746,9/1/2001,Iran,1746.0,-9
1747,9/1/2001,Costa Rica,1740.0,26
1748,9/1/2001,Norway,1731.0,-21
1749,9/1/2001,Bulgaria,1728.0,5
1750,9/1/2001,Slovenia,1716.0,23
1751,9/1/2001,Austria,1704.0,-9
1752,9/1/2001,Ukraine,1697.0,23
1753,9/1/2001,Finland,1689.0,25
1754,9/1/2001,Israel,1675.0,-2
1755,9/1/2001,Switzerland,1670.0,-18
1756,9/1/2001,Chile,1662.0,18
1757,9/1/2001,Iceland,1655.0,44
1758,9/1/2001,Slovakia,1653.0,-22
1759,9/1/2001,Hungary,1613.0,-31
1760,9/1/2001,Georgia,1565.0,31
1761,9/1/2001,Wales,1545.0,-12
1762,9/1/2001,Trinidad and Tobago,1539.0,-26
1763,9/1/2001,Bosnia and Herzegovina,1539.0,2
1764,9/1/2001,Macedonia,1506.0,-8
1765,9/1/2001,Thailand,1504.0,9
1766,9/1/2001,Northern Ireland,1494.0,17
1767,9/1/2001,Albania,1476.0,-25
1768,9/1/2001,Belarus,1466.0,-23
1769,9/1/2001,Armenia,1437.0,12
1770,9/1/2001,Lithuania,1427.0,18
1771,9/1/2001,Azerbaijan,1295.0,-15
1772,9/1/2001,Faroe Islands,1251.0,9
1773,9/1/2001,Malta,1201.0,-5
1774,9/1/2001,Luxembourg,1121.0,-9
1775,9/1/2001,Moldova,,15
1776,9/1/2001,Andorra,1052.0,0
1777,10/27/2001,Austria,1718.0,3
1778,10/27/2001,Israel,1672.0,-3
1779,10/27/2001,Democratic Republic of Congo,1424.0,-18
1780,10/27/2001,Uganda,1379.0,18
1781,10/27/2001,Kenya,1357.0,-26
1782,10/27/2001,Tanzania,1254.0,26
1783,2/13/2002,France,2112.0,2
1784,2/13/2002,Italy,2019.0,3
1785,2/13/2002,Argentina,2013.0,-8
1786,2/13/2002,Portugal,2011.0,2
1787,2/13/2002,Netherlands,1991.0,-4
1788,2/13/2002,Spain,1965.0,-2
1789,2/13/2002,England,1935.0,4
1790,2/13/2002,Sweden,1888.0,-4
1791,2/13/2002,Croatia,1878.0,-7
1792,2/13/2002,Germany,1876.0,7
1793,2/13/2002,Ireland,1872.0,10
1794,2/13/2002,Denmark,1858.0,9
1795,2/13/2002,Yugoslavia,1844.0,10
1796,2/13/2002,Belgium,1838.0,5
1797,2/13/2002,Czechia,1836.0,7
1798,2/13/2002,Russia,1829.0,-10
1799,2/13/2002,Mexico,1815.0,-10
1800,2/13/2002,Romania,1813.0,-2
1801,2/13/2002,United States,1798.0,-3
1802,2/13/2002,Uruguay,1792.0,5
1803,2/13/2002,Poland,1759.0,8
1804,2/13/2002,Norway,1748.0,-5
1805,2/13/2002,Paraguay,1717.0,-6
1806,2/13/2002,Saudi Arabia,1700.0,-9
1807,2/13/2002,South Korea,1693.0,-5
1808,2/13/2002,Bulgaria,1687.0,7
1809,2/13/2002,Switzerland,1670.0,12
1810,2/13/2002,Israel,1665.0,-7
1811,2/13/2002,Greece,1662.0,4
1812,2/13/2002,Hungary,1579.0,-12
1813,2/13/2002,Bolivia,1563.0,6
1814,2/13/2002,Wales,1561.0,8
1815,2/13/2002,Northern Ireland,1535.0,-8
1816,2/13/2002,Cyprus,1507.0,-7
1817,2/13/2002,Albania,1458.0,-6
1818,2/13/2002,Lithuania,1394.0,-31
1819,2/13/2002,Jordan,1394.0,31
1820,2/13/2002,Malta,1264.0,32
1821,2/13/2002,Faroe Islands,1248.0,5
1822,2/13/2002,Luxembourg,1121.0,6
1823,2/13/2002,Liechtenstein,1051.0,-5
1824,2/13/2002,Moldova,,-32
1825,3/31/2002,Mozambique,1250.0,1
1826,3/31/2002,Swaziland,1170.0,-1
1827,7/7/2002,New Zealand,1542.0,5
1828,7/7/2002,Kazakhstan,1448.0,-4
1829,7/7/2002,Zimbabwe,1442.0,-17
1830,7/7/2002,Estonia,1393.0,4
1831,7/7/2002,Tahiti,1346.0,21
1832,7/7/2002,Guadeloupe,1326.0,3
1833,7/7/2002,Malawi,1323.0,17
1834,7/7/2002,Solomon Islands,1250.0,-21
1835,7/7/2002,Papua New Guinea,1099.0,-5
1836,7/7/2002,Puerto Rico,888.0,-3
1837,8/21/2002,Brazil,2051.0,-19
1838,8/21/2002,Netherlands,2016.0,6
1839,8/21/2002,Spain,1985.0,-7
1840,8/21/2002,Germany,1956.0,-5
1841,8/21/2002,France,1950.0,-6
1842,8/21/2002,Ireland,1918.0,15
1843,8/21/2002,Italy,1917.0,-18
1844,8/21/2002,Denmark,1894.0,7
1845,8/21/2002,Turkey,1875.0,4
1846,8/21/2002,Sweden,1859.0,1
1847,8/21/2002,Czechia,1849.0,7
1848,8/21/2002,Croatia,1838.0,-8
1849,8/21/2002,Belgium,1823.0,1
1850,8/21/2002,Romania,1816.0,-16
1851,8/21/2002,Yugoslavia,1807.0,8
1852,8/21/2002,Russia,1775.0,-1
1853,8/21/2002,Iran,1758.0,11
1854,8/21/2002,Norway,1754.0,-6
1855,8/21/2002,Paraguay,1752.0,19
1856,8/21/2002,Poland,1744.0,-1
1857,8/21/2002,Finland,1729.0,-15
1858,8/21/2002,Greece,1697.0,16
1859,8/21/2002,Slovakia,1696.0,-7
1860,8/21/2002,Ukraine,1682.0,-11
1861,8/21/2002,Austria,1672.0,-8
1862,8/21/2002,Bulgaria,1670.0,5
1863,8/21/2002,Scotland,1669.0,-7
1864,8/21/2002,Israel,1668.0,8
1865,8/21/2002,Switzerland,1664.0,8
1866,8/21/2002,Slovenia,1663.0,18
1867,8/21/2002,Morocco,1614.0,3
1868,8/21/2002,Tunisia,1609.0,6
1869,8/21/2002,Iceland,1599.0,1
1870,8/21/2002,Georgia,1597.0,-4
1871,8/21/2002,Belarus,1593.0,13
1872,8/21/2002,Wales,1589.0,8
1873,8/21/2002,Venezuela,1578.0,10
1874,8/21/2002,Hungary,1564.0,7
1875,8/21/2002,Bolivia,1545.0,-10
1876,8/21/2002,Northern Ireland,1519.0,-3
1877,8/21/2002,Bosnia and Herzegovina,1516.0,-8
1878,8/21/2002,Cyprus,1505.0,3
1879,8/21/2002,Uzbekistan,1483.0,-19
1880,8/21/2002,Macedonia,1470.0,6
1881,8/21/2002,Latvia,1414.0,-13
1882,8/21/2002,Estonia,1399.0,6
1883,8/21/2002,Lithuania,1385.0,-8
1884,8/21/2002,Azerbaijan,1327.0,19
1885,8/21/2002,Reunion,1283.0,2
1886,8/21/2002,Malta,1259.0,-6
1887,8/21/2002,Faroe Islands,1253.0,5
1888,8/21/2002,Mauritius,1239.0,-2
1889,8/21/2002,Luxembourg,1105.0,-3
1890,8/21/2002,Liechtenstein,1058.0,-5
1891,8/21/2002,Moldova,,-6
1892,8/21/2002,Andorra,1077.0,-1
1893,10/9/2002,Martinique,1417.0,7
1894,10/9/2002,Saint Lucia,1251.0,-7
1895,10/16/2002,Netherlands,2035.0,16
1896,10/16/2002,Spain,1994.0,-8
1897,10/16/2002,France,1965.0,2
1898,10/16/2002,Germany,1952.0,0
1899,10/16/2002,England,1950.0,-19
1900,10/16/2002,Portugal,1925.0,10
1901,10/16/2002,Turkey,1892.0,0
1902,10/16/2002,Italy,1880.0,-29
1903,10/16/2002,Czechia,1871.0,5
1904,10/16/2002,Ireland,1850.0,-34
1905,10/16/2002,Yugoslavia,1819.0,13
1906,10/16/2002,Sweden,1818.0,-10
1907,10/16/2002,Japan,1817.0,-8
1908,10/16/2002,Russia,1807.0,5
1909,10/16/2002,Romania,1807.0,3
1910,10/16/2002,Norway,1791.0,6
1911,10/16/2002,Belgium,1783.0,8
1912,10/16/2002,Paraguay,1763.0,8
1913,10/16/2002,Costa Rica,1749.0,-3
1914,10/16/2002,Bulgaria,1749.0,0
1915,10/16/2002,Ecuador,1741.0,3
1916,10/16/2002,Poland,1714.0,6
1917,10/16/2002,Switzerland,1709.0,34
1918,10/16/2002,Austria,1692.0,-16
1919,10/16/2002,Ukraine,1691.0,-4
1920,10/16/2002,Finland,1673.0,-13
1921,10/16/2002,Greece,1668.0,8
1922,10/16/2002,Wales,1666.0,29
1923,10/16/2002,Hungary,1602.0,1
1924,10/16/2002,New Zealand,1575.0,-6
1925,10/16/2002,Iceland,1559.0,13
1926,10/16/2002,Belarus,1554.0,-5
1927,10/16/2002,Jamaica,1544.0,8
1928,10/16/2002,Northern Ireland,1521.0,4
1929,10/16/2002,Bosnia and Herzegovina,1501.0,-6
1930,10/16/2002,Macedonia,1470.0,19
1931,10/16/2002,Albania,1448.0,-5
1932,10/16/2002,Estonia,1421.0,-8
1933,10/16/2002,Armenia,1420.0,-8
1934,10/16/2002,Lithuania,1382.0,-13
1935,10/16/2002,Faroe Islands,1253.0,0
1936,10/16/2002,Malta,1245.0,-2
1937,10/16/2002,Luxembourg,1099.0,-3
1938,10/16/2002,Andorra,1076.0,0
1939,10/16/2002,Liechtenstein,1072.0,0
1940,10/16/2002,San Marino,949.0,-1
1941,12/8/2002,Uganda,1448.0,10
1942,12/8/2002,Thailand,1441.0,3
1943,12/8/2002,Tanzania,1269.0,-11
1944,12/8/2002,Vietnam,1252.0,-3
1945,12/8/2002,Eritrea,1177.0,11
1946,12/8/2002,Zanzibar,1152.0,-10
1947,3/19/2003,Mexico,1833.0,5
1948,3/19/2003,Egypt,1606.0,13
1949,3/19/2003,Bolivia,1540.0,-5
1950,3/19/2003,Qatar,1532.0,-13
1951,3/19/2003,Swaziland,1249.0,5
1952,3/19/2003,Lesotho,1149.0,-5
1953,5/25/2003,Nigeria,1737.0,-12
1954,5/25/2003,Jamaica,1575.0,12
1955,5/25/2003,Togo,1429.0,5
1956,5/25/2003,Malawi,1331.0,-2
1957,5/25/2003,Benin,1251.0,-5
1958,5/25/2003,Swaziland,1247.0,-10
1959,5/25/2003,Botswana,1197.0,2
1960,5/25/2003,Lesotho,1159.0,10
1961,7/3/2003,Venezuela,1618.0,-3
1962,7/3/2003,Lithuania,1426.0,41
1963,7/3/2003,Estonia,1420.0,-41
1964,7/3/2003,Trinidad and Tobago,1415.0,3
1965,7/3/2003,Tahiti,1380.0,8
1966,7/3/2003,Solomon Islands,1251.0,2
1967,7/3/2003,Vanuatu,1170.0,4
1968,7/3/2003,New Caledonia,1132.0,5
1969,7/3/2003,Papua New Guinea,1019.0,-8
1970,7/3/2003,Tuvalu,758.0,-4
1971,7/3/2003,Tonga,670.0,-5
1972,7/3/2003,Kiribati,584.0,-2
1973,7/27/2003,Brazil,1993.0,-29
1974,7/27/2003,Mexico,1897.0,29
1975,7/27/2003,Zambia,1448.0,10
1976,7/27/2003,Mozambique,1254.0,-10
1977,10/12/2003,Brazil,2013.0,2
1978,10/12/2003,Iran,1697.0,14
1979,10/12/2003,Iraq,1630.0,4
1980,10/12/2003,Jamaica,1589.0,-2
1981,10/12/2003,Zimbabwe,1527.0,3
1982,10/12/2003,New Zealand,1526.0,-14
1983,10/12/2003,Guinea,1500.0,5
1984,10/12/2003,Bahrain,1479.0,-4
1985,10/12/2003,Angola,1448.0,-40
1986,10/12/2003,Gabon,1409.0,-3
1987,10/12/2003,Liberia,1382.0,-26
1988,10/12/2003,Gambia,1375.0,26
1989,10/12/2003,Rwanda,1369.0,11
1990,10/12/2003,Sudan,1368.0,11
1991,10/12/2003,Congo,1360.0,14
1992,10/12/2003,Cape Verde,1342.0,-2
1993,10/12/2003,Malawi,1333.0,40
1994,10/12/2003,Malaysia,1319.0,4
1995,10/12/2003,Sierra Leone,1319.0,-14
1996,10/12/2003,Chad,1309.0,40
1997,10/12/2003,Ethiopia,1268.0,-40
1998,10/12/2003,Burundi,1265.0,3
1999,10/12/2003,Mozambique,1249.0,-5
2000,10/12/2003,Swaziland,1205.0,2
2001,10/12/2003,Namibia,1153.0,-11
2002,10/12/2003,Eritrea,1153.0,-11
2003,10/12/2003,Myanmar,1128.0,-4
2004,10/12/2003,Mauritania,1106.0,-3
2005,11/15/2003,France,2049.0,16
2006,11/15/2003,Argentina,2028.0,3
2007,11/15/2003,Spain,1985.0,5
2008,11/15/2003,Netherlands,1983.0,-33
2009,11/15/2003,Czechia,1979.0,2
2010,11/15/2003,Portugal,1915.0,-6
2011,11/15/2003,Germany,1880.0,-16
2012,11/15/2003,Turkey,1858.0,-33
2013,11/15/2003,Uruguay,1849.0,6
2014,11/15/2003,Croatia,1809.0,-12
2015,11/15/2003,Greece,1796.0,6
2016,11/15/2003,Russia,1777.0,-13
2017,11/15/2003,Paraguay,1774.0,13
2018,11/15/2003,Senegal,1748.0,4
2019,11/15/2003,Norway,1730.0,-5
2020,11/15/2003,Ecuador,1724.0,-13
2021,11/15/2003,Colombia,1691.0,-32
2022,11/15/2003,Scotland,1687.0,33
2023,11/15/2003,Slovenia,1684.0,12
2024,11/15/2003,South Africa,1655.0,-8
2025,11/15/2003,Chile,1646.0,-6
2026,11/15/2003,Egypt,1645.0,8
2027,11/15/2003,Wales,1639.0,13
2028,11/15/2003,Venezuela,1623.0,32
2029,11/15/2003,Bolivia,1600.0,-3
2030,11/15/2003,Canada,1599.0,-2
2031,11/15/2003,Ivory Coast,1591.0,-4
2032,11/15/2003,Morocco,1583.0,4
2033,11/15/2003,Latvia,1543.0,33
2034,11/15/2003,Albania,1517.0,7
2035,11/15/2003,Kenya,1494.0,8
2036,11/15/2003,Zambia,1440.0,-18
2037,11/15/2003,Burkina Faso,1435.0,-4
2038,11/15/2003,Gabon,1421.0,14
2039,11/15/2003,Estonia,1399.0,-7
2040,11/15/2003,Rwanda,1363.0,-6
2041,11/15/2003,Malawi,1324.0,-9
2042,11/15/2003,Ethiopia,1277.0,9
2043,11/15/2003,Burundi,1251.0,-14
2044,11/15/2003,Tanzania,1220.0,-8
2045,11/15/2003,Namibia,1159.0,6
2046,11/15/2003,Seychelles,1056.0,18
2047,1/11/2004,Oman,1555.0,32
2048,1/11/2004,Qatar,1519.0,-32
2049,1/11/2004,United Arab Emirates,1447.0,12
2050,1/11/2004,Barbados,1403.0,6
2051,1/11/2004,Grenada,1251.0,-6
2052,1/11/2004,Yemen,1150.0,-12
2053,4/11/2004,Mozambique,1254.0,8
2054,4/11/2004,Swaziland,1174.0,-8
2055,6/13/2004,France,2072.0,17
2056,6/13/2004,England,1921.0,-17
2057,6/13/2004,United States,1846.0,2
2058,6/13/2004,Croatia,1828.0,-9
2059,6/13/2004,Senegal,1719.0,5
2060,6/13/2004,Switzerland,1716.0,9
2061,6/13/2004,Canada,1598.0,3
2062,6/13/2004,El Salvador,1482.0,4
2063,6/13/2004,Panama,1443.0,13
2064,6/13/2004,Trinidad and Tobago,1432.0,12
2065,6/13/2004,Saint Kitts and Nevis,1375.0,42
2066,6/13/2004,Cape Verde,1345.0,-5
2067,6/13/2004,Barbados,1338.0,-42
2068,6/13/2004,Malawi,1330.0,-29
2069,6/13/2004,Grenada,1298.0,-2
2070,6/13/2004,Mozambique,1296.0,29
2071,6/13/2004,Saint Vincent and the Grenadines,1273.0,-9
2072,6/13/2004,Saint Lucia,1248.0,-13
2073,6/13/2004,Bermuda,1196.0,-4
2074,6/13/2004,Belize,1129.0,-3
2075,6/13/2004,Dominican Republic,1071.0,-12
2076,6/13/2004,Nicaragua,1013.0,9
2077,9/4/2004,Argentina,2030.0,13
2078,9/4/2004,France,1999.0,-17
2079,9/4/2004,England,1964.0,-11
2080,9/4/2004,Italy,1927.0,8
2081,9/4/2004,Portugal,1899.0,10
2082,9/4/2004,Greece,1898.0,-34
2083,9/4/2004,Denmark,1866.0,-15
2084,9/4/2004,Sweden,1863.0,5
2085,9/4/2004,Romania,1848.0,3
2086,9/4/2004,Ireland,1843.0,5
2087,9/4/2004,United States,1841.0,4
2088,9/4/2004,Turkey,1832.0,-17
2089,9/4/2004,Croatia,1830.0,10
2090,9/4/2004,Russia,1779.0,-12
2091,9/4/2004,Norway,1776.0,-8
2092,9/4/2004,Belgium,1775.0,-18
2093,9/4/2004,Poland,1756.0,24
2094,9/4/2004,Serbia and Montenegro,1731.0,1
2095,9/4/2004,Bulgaria,1720.0,31
2096,9/4/2004,Honduras,1692.0,-2
2097,9/4/2004,Switzerland,1684.0,4
2098,9/4/2004,Austria,1679.0,11
2099,9/4/2004,Peru,1674.0,-13
2100,9/4/2004,Israel,1672.0,17
2101,9/4/2004,Morocco,1668.0,-8
2102,9/4/2004,Wales,1663.0,-10
2103,9/4/2004,Finland,1661.0,1
2104,9/4/2004,Ukraine,1654.0,15
2105,9/4/2004,Slovakia,1649.0,12
2106,9/4/2004,Slovenia,1642.0,10
2107,9/4/2004,Tunisia,1631.0,8
2108,9/4/2004,Jamaica,1591.0,-33
2109,9/4/2004,Hungary,1589.0,-10
2110,9/4/2004,Iceland,1564.0,-31
2111,9/4/2004,Albania,1564.0,34
2112,9/4/2004,Canada,1563.0,2
2113,9/4/2004,Macedonia,1529.0,-3
2114,9/4/2004,Latvia,1508.0,-10
2115,9/4/2004,Georgia,1502.0,17
2116,9/4/2004,Panama,1492.0,33
2117,9/4/2004,Northern Ireland,1491.0,-24
2118,9/4/2004,Zambia,1486.0,11
2119,9/4/2004,Trinidad and Tobago,1478.0,22
2120,9/4/2004,Cyprus,1478.0,-5
2121,9/4/2004,Kenya,1472.0,6
2122,9/4/2004,El Salvador,1451.0,-4
2123,9/4/2004,Lithuania,1434.0,18
2124,9/4/2004,Burkina Faso,1407.0,21
2125,9/4/2004,Azerbaijan,1392.0,10
2126,9/4/2004,Estonia,1391.0,6
2127,9/4/2004,Liberia,1388.0,-11
2128,9/4/2004,Saint Kitts and Nevis,1365.0,-22
2129,9/4/2004,Uganda,1352.0,-21
2130,9/4/2004,Indonesia,1313.0,-19
2131,9/4/2004,Malawi,1271.0,-6
2132,9/4/2004,Malta,1252.0,-5
2133,9/4/2004,Faroe Islands,1243.0,-4
2134,9/4/2004,Singapore,1166.0,19
2135,9/4/2004,Luxembourg,1068.0,-6
2136,9/4/2004,San Marino,955.0,-1
2137,9/4/2004,Moldova,,-10
2138,9/4/2004,Andorra,1060.0,-1
2139,12/12/2004,Jamaica,1623.0,-13
2140,12/12/2004,Cuba,1566.0,11
2141,12/12/2004,Trinidad and Tobago,1507.0,4
2142,12/12/2004,Haiti,1460.0,11
2143,12/12/2004,Kenya,1459.0,-8
2144,12/12/2004,Martinique,1382.0,-11
2145,12/12/2004,Uganda,1347.0,10
2146,12/12/2004,Thailand,1342.0,2
2147,12/12/2004,Sudan,1333.0,8
2148,12/12/2004,Saint Vincent and the Grenadines,1320.0,20
2149,12/12/2004,Saint Lucia,1270.0,13
2150,12/12/2004,Saint Kitts and Nevis,1268.0,-11
2151,12/12/2004,Grenada,1255.0,-20
2152,12/12/2004,Malaysia,1174.0,-29
2153,12/12/2004,Myanmar,1159.0,29
2154,12/12/2004,Somalia,1045.0,-10
2155,12/12/2004,British Virgin Islands,900.0,-4
2156,12/12/2004,East Timor,682.0,-2
2157,4/9/2005,Morocco,1687.0,0
2158,4/9/2005,Saudi Arabia,1589.0,4
2159,4/9/2005,Mali,1493.0,-3
2160,4/9/2005,Algeria,1460.0,19
2161,4/9/2005,Syria,1451.0,3
2162,4/9/2005,Palestine,1254.0,-19
2163,4/9/2005,Yemen,1196.0,-4
2164,4/9/2005,Pakistan,852.0,0
2165,6/4/2005,Czechia,1997.0,0
2166,6/4/2005,Argentina,1986.0,-46
2167,6/4/2005,Netherlands,1983.0,10
2168,6/4/2005,Spain,1964.0,1
2169,6/4/2005,Greece,1911.0,0
2170,6/4/2005,Italy,1908.0,-1
2171,6/4/2005,Sweden,1906.0,1
2172,6/4/2005,Mexico,1906.0,14
2173,6/4/2005,Portugal,1900.0,9
2174,6/4/2005,Germany,1894.0,5
2175,6/4/2005,Croatia,1870.0,26
2176,6/4/2005,Ireland,1853.0,-13
2177,6/4/2005,United States,1853.0,15
2178,6/4/2005,Turkey,1818.0,0
2179,6/4/2005,Uruguay,1812.0,-7
2180,6/4/2005,Colombia,1802.0,20
2181,6/4/2005,Poland,1800.0,10
2182,6/4/2005,Norway,1794.0,1
2183,6/4/2005,Romania,1792.0,-10
2184,6/4/2005,Ukraine,1786.0,3
2185,6/4/2005,Ecuador,1772.0,46
2186,6/4/2005,Serbia and Montenegro,1771.0,-8
2187,6/4/2005,Russia,1754.0,6
2188,6/4/2005,Belgium,1734.0,8
2189,6/4/2005,Switzerland,1724.0,7
2190,6/4/2005,Cameroon,1723.0,9
2191,6/4/2005,Israel,1714.0,13
2192,6/4/2005,Costa Rica,1690.0,-15
2193,6/4/2005,Slovakia,1678.0,-9
2194,6/4/2005,Chile,1677.0,18
2195,6/4/2005,Morocco,1676.0,4
2196,6/4/2005,Bulgaria,1671.0,-26
2197,6/4/2005,Honduras,1670.0,0
2198,6/4/2005,Peru,1667.0,-20
2199,6/4/2005,Jamaica,1665.0,0
2200,6/4/2005,Slovenia,1649.0,6
2201,6/4/2005,Tunisia,1645.0,12
2202,6/4/2005,Belarus,1641.0,-6
2203,6/4/2005,South Africa,1620.0,14
2204,6/4/2005,Hungary,1617.0,22
2205,6/4/2005,Scotland,1609.0,10
2206,6/4/2005,Venezuela,1605.0,7
2207,6/4/2005,Bosnia and Herzegovina,1592.0,3
2208,6/4/2005,Bolivia,1589.0,-18
2209,6/4/2005,Guatemala,1578.0,-14
2210,6/4/2005,Albania,1522.0,14
2211,6/4/2005,Iceland,1505.0,-22
2212,6/4/2005,Macedonia,1497.0,23
2213,6/4/2005,Trinidad and Tobago,1496.0,23
2214,6/4/2005,Georgia,1491.0,-14
2215,6/4/2005,Northern Ireland,1483.0,-5
2216,6/4/2005,Lithuania,1482.0,-1
2217,6/4/2005,Latvia,1471.0,-6
2218,6/4/2005,Panama,1471.0,-23
2219,6/4/2005,Armenia,1395.0,-23
2220,6/4/2005,Estonia,1385.0,6
2221,6/4/2005,Cape Verde,1377.0,-14
2222,6/4/2005,Azerbaijan,1360.0,-10
2223,6/4/2005,Kazakhstan,1341.0,-3
2224,6/4/2005,Singapore,1310.0,8
2225,6/4/2005,Malawi,1294.0,-4
2226,6/4/2005,Botswana,1275.0,-12
2227,6/4/2005,Benin,1263.0,-9
2228,6/4/2005,Faroe Islands,1249.0,-7
2229,6/4/2005,Malta,1243.0,-1
2230,6/4/2005,Malaysia,1215.0,-8
2231,6/4/2005,Andorra,1107.0,0
2232,6/4/2005,Liechtenstein,1100.0,-6
2233,6/4/2005,San Marino,943.0,-3
2234,6/4/2005,Moldova,,-10
2235,8/17/2005,Brazil,2032.0,-2
2236,8/17/2005,Netherlands,1998.0,-5
2237,8/17/2005,Czechia,1989.0,-10
2238,8/17/2005,Argentina,1978.0,4
2239,8/17/2005,England,1971.0,-20
2240,8/17/2005,France,1959.0,4
2241,8/17/2005,Spain,1952.0,6
2242,8/17/2005,Italy,1912.0,12
2243,8/17/2005,Germany,1911.0,5
2244,8/17/2005,Portugal,1907.0,4
2245,8/17/2005,Sweden,1901.0,10
2246,8/17/2005,Mexico,1885.0,11
2247,8/17/2005,Croatia,1872.0,2
2248,8/17/2005,United States,1867.0,2
2249,8/17/2005,Denmark,1864.0,20
2250,8/17/2005,Ireland,1844.0,-12
2251,8/17/2005,Poland,1825.0,11
2252,8/17/2005,Japan,1820.0,15
2253,8/17/2005,Ukraine,1818.0,9
2254,8/17/2005,Greece,1813.0,-15
2255,8/17/2005,Turkey,1810.0,-17
2256,8/17/2005,Iran,1806.0,-15
2257,8/17/2005,Uruguay,1803.0,-6
2258,8/17/2005,Romania,1797.0,1
2259,8/17/2005,Norway,1787.0,-22
2260,8/17/2005,Ecuador,1759.0,5
2261,8/17/2005,Serbia and Montenegro,1752.0,-9
2262,8/17/2005,Russia,1750.0,-10
2263,8/17/2005,Belgium,1749.0,15
2264,8/17/2005,Paraguay,1749.0,2
2265,8/17/2005,Switzerland,1746.0,22
2266,8/17/2005,Nigeria,1736.0,7
2267,8/17/2005,Finland,1717.0,25
2268,8/17/2005,Saudi Arabia,1712.0,25
2269,8/17/2005,Israel,1711.0,-11
2270,8/17/2005,Costa Rica,1705.0,-11
2271,8/17/2005,Tunisia,1697.0,4
2272,8/17/2005,Egypt,1695.0,-4
2273,8/17/2005,Bulgaria,1688.0,17
2274,8/17/2005,Ivory Coast,1688.0,-4
2275,8/17/2005,Peru,1682.0,12
2276,8/17/2005,Austria,1681.0,-5
2277,8/17/2005,Chile,1676.0,-12
2278,8/17/2005,Slovakia,1663.0,-18
2279,8/17/2005,Senegal,1660.0,-3
2280,8/17/2005,Morocco,1654.0,-13
2281,8/17/2005,South Korea,1650.0,-25
2282,8/17/2005,Slovenia,1650.0,1
2283,8/17/2005,Belarus,1623.0,-11
2284,8/17/2005,Scotland,1621.0,5
2285,8/17/2005,Hungary,1613.0,-4
2286,8/17/2005,Bosnia and Herzegovina,1596.0,-14
2287,8/17/2005,Venezuela,1589.0,-5
2288,8/17/2005,Wales,1587.0,-1
2289,8/17/2005,Togo,1582.0,13
2290,8/17/2005,South Africa,1580.0,-17
2291,8/17/2005,Uzbekistan,1570.0,10
2292,8/17/2005,Bahrain,1562.0,-31
2293,8/17/2005,Guatemala,1560.0,15
2294,8/17/2005,Jordan,1553.0,-6
2295,8/17/2005,Panama,1549.0,-15
2296,8/17/2005,Ghana,1544.0,3
2297,8/17/2005,Iceland,1530.0,17
2298,8/17/2005,Albania,1521.0,4
2299,8/17/2005,Angola,1514.0,6
2300,8/17/2005,Libya,1511.0,-7
2301,8/17/2005,Georgia,1508.0,17
2302,8/17/2005,North Korea,1504.0,31
2303,8/17/2005,Lithuania,1493.0,11
2304,8/17/2005,Trinidad and Tobago,1488.0,-2
2305,8/17/2005,Latvia,1483.0,10
2306,8/17/2005,Northern Ireland,1479.0,-4
2307,8/17/2005,Cyprus,1477.0,25
2308,8/17/2005,Macedonia,1470.0,-25
2309,8/17/2005,Kuwait,1452.0,-10
2310,8/17/2005,Kenya,1417.0,-4
2311,8/17/2005,Armenia,1397.0,6
2312,8/17/2005,Estonia,1396.0,14
2313,8/17/2005,Sudan,1396.0,9
2314,8/17/2005,El Salvador,1383.0,-2
2315,8/17/2005,Azerbaijan,1356.0,-4
2316,8/17/2005,Cape Verde,1353.0,-6
2317,8/17/2005,Kazakhstan,1315.0,-17
2318,8/17/2005,Benin,1254.0,-9
2319,8/17/2005,Malta,1239.0,4
2320,8/17/2005,Faroe Islands,1221.0,-25
2321,8/17/2005,Liechtenstein,1116.0,18
2322,8/17/2005,Andorra,1106.0,-1
2323,9/7/2005,Netherlands,2000.0,0
2324,9/7/2005,France,1979.0,19
2325,9/7/2005,Czechia,1953.0,2
2326,9/7/2005,England,1942.0,-36
2327,9/7/2005,Spain,1939.0,-14
2328,9/7/2005,Sweden,1921.0,10
2329,9/7/2005,Italy,1917.0,15
2330,9/7/2005,Portugal,1904.0,-3
2331,9/7/2005,Germany,1892.0,2
2332,9/7/2005,United States,1878.0,-12
2333,9/7/2005,Denmark,1873.0,6
2334,9/7/2005,Mexico,1868.0,6
2335,9/7/2005,Croatia,1866.0,-18
2336,9/7/2005,Poland,1838.0,5
2337,9/7/2005,Turkey,1833.0,26
2338,9/7/2005,Ireland,1825.0,-19
2339,9/7/2005,Japan,1825.0,5
2340,9/7/2005,Greece,1817.0,4
2341,9/7/2005,Ukraine,1781.0,-26
2342,9/7/2005,Serbia and Montenegro,1773.0,14
2343,9/7/2005,Norway,1772.0,-33
2344,9/7/2005,Switzerland,1756.0,17
2345,9/7/2005,Russia,1754.0,3
2346,9/7/2005,Costa Rica,1738.0,8
2347,9/7/2005,Belgium,1727.0,1
2348,9/7/2005,Honduras,1725.0,-5
2349,9/7/2005,Israel,1724.0,6
2350,9/7/2005,Finland,1709.0,10
2351,9/7/2005,Bulgaria,1685.0,7
2352,9/7/2005,Slovakia,1677.0,-7
2353,9/7/2005,Scotland,1664.0,33
2354,9/7/2005,Austria,1661.0,-12
2355,9/7/2005,Slovenia,1647.0,15
2356,9/7/2005,Bosnia and Herzegovina,1637.0,18
2357,9/7/2005,Hungary,1608.0,-10
2358,9/7/2005,Wales,1575.0,-5
2359,9/7/2005,Belarus,1568.0,-15
2360,9/7/2005,Guatemala,1554.0,12
2361,9/7/2005,South Africa,1538.0,-2
2362,9/7/2005,Northern Ireland,1528.0,36
2363,9/7/2005,Panama,1518.0,-6
2364,9/7/2005,Georgia,1513.0,-6
2365,9/7/2005,Iceland,1511.0,-7
2366,9/7/2005,Trinidad and Tobago,1498.0,-8
2367,9/7/2005,Latvia,1471.0,7
2368,9/7/2005,Lithuania,1468.0,-18
2369,9/7/2005,Cyprus,1460.0,-17
2370,9/7/2005,Macedonia,1460.0,-10
2371,9/7/2005,Armenia,1393.0,-2
2372,9/7/2005,Azerbaijan,1355.0,12
2373,9/7/2005,Kazakhstan,1305.0,-4
2374,9/7/2005,Malta,1252.0,18
2375,9/7/2005,Faroe Islands,1214.0,-6
2376,9/7/2005,Liechtenstein,1131.0,16
2377,9/7/2005,Andorra,1124.0,0
2378,9/7/2005,Luxembourg,991.0,-16
2379,9/7/2005,San Marino,942.0,-1
2380,9/7/2005,Moldova,,-15
2381,11/30/2005,Uganda,1325.0,5
2382,11/30/2005,Rwanda,1284.0,7
2383,11/30/2005,Burundi,1255.0,-25
2384,11/30/2005,Zanzibar,1218.0,25
2385,11/30/2005,Eritrea,1105.0,-7
2386,11/30/2005,Djibouti,853.0,-5
2387,2/25/2006,Saint Kitts and Nevis,1251.0,5
2388,2/25/2006,Saint Martin,1011.0,-5
2389,3/1/2006,Brazil,2032.0,5
2390,3/1/2006,Netherlands,1995.0,2
2391,3/1/2006,England,1968.0,4
2392,3/1/2006,Czechia,1964.0,-1
2393,3/1/2006,Spain,1961.0,3
2394,3/1/2006,France,1955.0,-18
2395,3/1/2006,Italy,1949.0,10
2396,3/1/2006,Argentina,1917.0,-13
2397,3/1/2006,Portugal,1914.0,5
2398,3/1/2006,Denmark,1900.0,12
2399,3/1/2006,Germany,1881.0,-10
2400,3/1/2006,Sweden,1874.0,-16
2401,3/1/2006,Romania,1860.0,9
2402,3/1/2006,United States,1849.0,10
2403,3/1/2006,Croatia,1847.0,13
2404,3/1/2006,Turkey,1845.0,1
2405,3/1/2006,Ireland,1839.0,16
2406,3/1/2006,Poland,1837.0,-10
2407,3/1/2006,Mexico,1833.0,4
2408,3/1/2006,Uruguay,1816.0,-4
2409,3/1/2006,Greece,1812.0,3
2410,3/1/2006,Iran,1804.0,6
2411,3/1/2006,Serbia and Montenegro,1801.0,10
2412,3/1/2006,Switzerland,1795.0,15
2413,3/1/2006,Paraguay,1775.0,-2
2414,3/1/2006,South Korea,1763.0,3
2415,3/1/2006,Colombia,1760.0,-2
2416,3/1/2006,Ivory Coast,1753.0,-3
2417,3/1/2006,Russia,1751.0,-5
2418,3/1/2006,Norway,1738.0,-10
2419,3/1/2006,Costa Rica,1736.0,-6
2420,3/1/2006,Bulgaria,1723.0,6
2421,3/1/2006,Ecuador,1719.0,-2
2422,3/1/2006,Israel,1713.0,-12
2423,3/1/2006,Slovakia,1700.0,18
2424,3/1/2006,Belgium,1699.0,1
2425,3/1/2006,Tunisia,1690.0,-10
2426,3/1/2006,Scotland,1667.0,-15
2427,3/1/2006,Senegal,1659.0,10
2428,3/1/2006,Austria,1645.0,-23
2429,3/1/2006,Finland,1628.0,-2
2430,3/1/2006,China,1611.0,-25
2431,3/1/2006,Venezuela,1605.0,2
2432,3/1/2006,Slovenia,1602.0,-9
2433,3/1/2006,Oman,1597.0,21
2434,3/1/2006,Canada,1596.0,23
2435,3/1/2006,Wales,1595.0,2
2436,3/1/2006,Saudi Arabia,1595.0,-5
2437,3/1/2006,Belarus,1584.0,2
2438,3/1/2006,Qatar,1573.0,16
2439,3/1/2006,Iraq,1572.0,25
2440,3/1/2006,Uzbekistan,1567.0,-16
2441,3/1/2006,Ghana,1566.0,-4
2442,3/1/2006,Angola,1549.0,-3
2443,3/1/2006,Syria,1519.0,6
2444,3/1/2006,Albania,1517.0,-15
2445,3/1/2006,Jordan,1513.0,-21
2446,3/1/2006,Georgia,1512.0,14
2447,3/1/2006,Northern Ireland,1506.0,5
2448,3/1/2006,United Arab Emirates,1500.0,3
2449,3/1/2006,Bahrain,1496.0,3
2450,3/1/2006,Lithuania,1477.0,15
2451,3/1/2006,Macedonia,1477.0,-6
2452,3/1/2006,Cyprus,1463.0,14
2453,3/1/2006,Kuwait,1442.0,-3
2454,3/1/2006,Estonia,1421.0,-5
2455,3/1/2006,Armenia,1395.0,-14
2456,3/1/2006,Singapore,1340.0,-28
2457,3/1/2006,Kazakhstan,1325.0,-3
2458,3/1/2006,Palestine,1254.0,28
2459,3/1/2006,Malta,1253.0,-14
2460,3/1/2006,Yemen,1252.0,42
2461,3/1/2006,Hong Kong,1230.0,16
2462,3/1/2006,India,1142.0,-42
2463,3/1/2006,Bangladesh,1032.0,-16
2464,3/1/2006,Luxembourg,980.0,-1
2465,3/1/2006,Taiwan,968.0,-6
2466,3/1/2006,Pakistan,877.0,-3
2467,3/29/2006,Mexico,1841.0,8
2468,3/29/2006,Paraguay,1767.0,-8
2469,3/29/2006,Benin,1253.0,-16
2470,3/29/2006,Equatorial Guinea,1160.0,16
2471,6/4/2006,Brazil,2034.0,2
2472,6/4/2006,Netherlands,1995.0,-7
2473,6/4/2006,Turkey,1812.0,-17
2474,6/4/2006,Australia,1797.0,7
2475,6/4/2006,Japan,1789.0,1
2476,6/4/2006,Colombia,1777.0,10
2477,6/4/2006,Ivory Coast,1767.0,11
2478,6/4/2006,South Korea,1745.0,-22
2479,6/4/2006,Morocco,1638.0,-10
2480,6/4/2006,Ghana,1617.0,22
2481,6/4/2006,Slovenia,1601.0,-11
2482,6/4/2006,New Zealand,1517.0,-2
2483,6/4/2006,Macedonia,1510.0,17
2484,6/4/2006,Algeria,1415.0,5
2485,6/4/2006,Sudan,1307.0,-5
2486,6/4/2006,Malta,1252.0,-1
2487,8/15/2006,Spain,1951.0,-8
2488,8/15/2006,Ukraine,1791.0,2
2489,8/15/2006,Ghana,1721.0,6
2490,8/15/2006,Israel,1713.0,0
2491,8/15/2006,Bulgaria,1711.0,0
2492,8/15/2006,Slovakia,1698.0,1
2493,8/15/2006,Wales,1605.0,0
2494,8/15/2006,Slovenia,1601.0,0
2495,8/15/2006,Iceland,1502.0,8
2496,8/15/2006,Togo,1454.0,-6
2497,8/15/2006,Algeria,1398.0,-17
2498,8/15/2006,Gabon,1387.0,17
2499,8/15/2006,Azerbaijan,1365.0,-2
2500,8/15/2006,Malta,1251.0,-1
2501,9/3/2006,Brazil,2068.0,15
2502,9/3/2006,Argentina,1989.0,-15
2503,9/3/2006,Cameroon,1784.0,7
2504,9/3/2006,Japan,1720.0,-24
2505,9/3/2006,Tunisia,1633.0,-13
2506,9/3/2006,Guinea,1607.0,-15
2507,9/3/2006,Angola,1599.0,9
2508,9/3/2006,Saudi Arabia,1597.0,24
2509,9/3/2006,Zambia,1552.0,18
2510,9/3/2006,Mali,1544.0,-7
2511,9/3/2006,Democratic Republic of Congo,1489.0,4
2512,9/3/2006,Ethiopia,1466.0,15
2513,9/3/2006,Togo,1454.0,6
2514,9/3/2006,Libya,1447.0,-15
2515,9/3/2006,Algeria,1413.0,15
2516,9/3/2006,Gambia,1358.0,20
2517,9/3/2006,Sierra Leone,1322.0,7
2518,9/3/2006,Sudan,1317.0,10
2519,9/3/2006,Cape Verde,1296.0,-20
2520,9/3/2006,Rwanda,1295.0,-7
2521,9/3/2006,Mauritius,1282.0,13
2522,9/3/2006,Chad,1267.0,-18
2523,9/3/2006,Liberia,1253.0,-21
2524,9/3/2006,Benin,1247.0,-6
2525,9/3/2006,Swaziland,1188.0,-9
2526,9/3/2006,Equatorial Guinea,1181.0,21
2527,9/3/2006,Namibia,1175.0,-4
2528,9/3/2006,Antigua and Barbuda,1110.0,5
2529,9/3/2006,Seychelles,1084.0,-10
2530,9/3/2006,Dominica,1010.0,-5
2531,10/8/2006,Nigeria,1782.0,2
2532,10/8/2006,Ivory Coast,1761.0,5
2533,10/8/2006,Ghana,1753.0,19
2534,10/8/2006,South Korea,1711.0,-19
2535,10/8/2006,Angola,1624.0,5
2536,10/8/2006,Jamaica,1611.0,7
2537,10/8/2006,Canada,1597.0,-7
2538,10/8/2006,Mali,1554.0,10
2539,10/8/2006,Zambia,1521.0,-31
2540,10/8/2006,Democratic Republic of Congo,1493.0,4
2541,10/8/2006,South Africa,1479.0,31
2542,10/8/2006,Libya,1447.0,-4
2543,10/8/2006,Togo,1444.0,-10
2544,10/8/2006,Gabon,1394.0,-5
2545,10/8/2006,Uganda,1372.0,2
2546,10/8/2006,Congo,1370.0,15
2547,10/8/2006,Kenya,1315.0,-5
2548,10/8/2006,Niger,1304.0,-2
2549,10/8/2006,Sierra Leone,1294.0,-28
2550,10/8/2006,Rwanda,1278.0,-17
2551,10/8/2006,Mozambique,1277.0,-8
2552,10/8/2006,Benin,1275.0,28
2553,10/8/2006,Liberia,1270.0,17
2554,10/8/2006,Chad,1252.0,-15
2555,10/8/2006,Burundi,1245.0,19
2556,10/8/2006,Tanzania,1236.0,8
2557,10/8/2006,Mauritania,1167.0,-19
2558,10/8/2006,Lesotho,1121.0,-2
2559,1/20/2007,Oman,1613.0,13
2560,1/20/2007,Trinidad and Tobago,1589.0,21
2561,1/20/2007,Cuba,1535.0,-21
2562,1/20/2007,Haiti,1505.0,24
2563,1/20/2007,United Arab Emirates,1471.0,6
2564,1/20/2007,Kuwait,1457.0,-13
2565,1/20/2007,Guadeloupe,1381.0,-24
2566,1/20/2007,Yemen,1253.0,-6
2567,3/21/2007,Ivory Coast,1782.0,3
2568,3/21/2007,Mauritius,1254.0,-3
2569,6/16/2007,United States,1809.0,7
2570,6/16/2007,Iran,1756.0,-9
2571,6/16/2007,Morocco,1660.0,7
2572,6/16/2007,Canada,1658.0,33
2573,6/16/2007,Tunisia,1654.0,3
2574,6/16/2007,Iraq,1603.0,9
2575,6/16/2007,Guinea,1600.0,27
2576,6/16/2007,Panama,1565.0,-7
2577,6/16/2007,Zambia,1540.0,-17
2578,6/16/2007,Guatemala,1509.0,-33
2579,6/16/2007,Syria,1493.0,13
2580,6/16/2007,Democratic Republic of Congo,1446.0,-7
2581,6/16/2007,Algeria,1409.0,-27
2582,6/16/2007,Sudan,1397.0,14
2583,6/16/2007,Tanzania,1355.0,28
2584,6/16/2007,Burkina Faso,1345.0,-28
2585,6/16/2007,Lebanon,1339.0,-13
2586,6/16/2007,Gambia,1329.0,5
2587,6/16/2007,Kenya,1308.0,-25
2588,6/16/2007,Cape Verde,1308.0,-5
2589,6/16/2007,Botswana,1303.0,10
2590,6/16/2007,Malawi,1284.0,-7
2591,6/16/2007,Chad,1251.0,17
2592,6/16/2007,Namibia,1224.0,7
2593,6/16/2007,Mauritius,1206.0,-3
2594,6/16/2007,Mauritania,1198.0,-10
2595,6/16/2007,Eritrea,1177.0,25
2596,6/16/2007,Seychelles,1062.0,-14
2597,8/18/2007,Syria,1498.0,3
2598,8/18/2007,Reunion,1252.0,2
2599,8/18/2007,Madagascar,1204.0,-2
2600,8/18/2007,Mauritius,1194.0,0
2601,8/18/2007,Mayotte,1183.0,0
2602,8/18/2007,Bangladesh,998.0,-3
2603,9/9/2007,Brazil,2085.0,6
2604,9/9/2007,Mexico,1913.0,1
2605,9/9/2007,United States,1736.0,-6
2606,9/9/2007,Cameroon,1735.0,-37
2607,9/9/2007,Egypt,1705.0,-16
2608,9/9/2007,Costa Rica,1644.0,0
2609,9/9/2007,Honduras,1644.0,0
2610,9/9/2007,Tunisia,1622.0,-28
2611,9/9/2007,Guinea,1611.0,7
2612,9/9/2007,Panama,1570.0,-1
2613,9/9/2007,Zambia,1557.0,36
2614,9/9/2007,South Africa,1454.0,-36
2615,9/9/2007,Zimbabwe,1454.0,10
2616,9/9/2007,Sudan,1433.0,28
2617,9/9/2007,Congo,1412.0,-4
2618,9/9/2007,Algeria,1389.0,-19
2619,9/9/2007,Gambia,1348.0,19
2620,9/9/2007,Cape Verde,1301.0,-7
2621,9/9/2007,Burundi,1278.0,16
2622,9/9/2007,Chad,1255.0,4
2623,9/9/2007,Malawi,1253.0,-10
2624,9/9/2007,Equatorial Guinea,1241.0,37
2625,9/9/2007,Swaziland,1187.0,-6
2626,9/9/2007,Eritrea,1183.0,6
2627,9/9/2007,Mauritius,1182.0,-12
2628,9/9/2007,Seychelles,1077.0,12
2629,10/17/2007,Brazil,2087.0,4
2630,10/17/2007,France,2032.0,2
2631,10/17/2007,Italy,2019.0,1
2632,10/17/2007,Netherlands,1982.0,3
2633,10/17/2007,Germany,1956.0,-56
2634,10/17/2007,Spain,1948.0,-5
2635,10/17/2007,England,1935.0,-24
2636,10/17/2007,Czechia,1928.0,56
2637,10/17/2007,Romania,1928.0,1
2638,10/17/2007,Portugal,1891.0,3
2639,10/17/2007,Mexico,1881.0,-18
2640,10/17/2007,Denmark,1848.0,4
2641,10/17/2007,Switzerland,1823.0,-15
2642,10/17/2007,Greece,1822.0,26
2643,10/17/2007,Sweden,1810.0,-16
2644,10/17/2007,Uruguay,1808.0,-18
2645,10/17/2007,Russia,1808.0,24
2646,10/17/2007,Colombia,1801.0,-8
2647,10/17/2007,Norway,1791.0,21
2648,10/17/2007,Paraguay,1785.0,18
2649,10/17/2007,Turkey,1785.0,-26
2650,10/17/2007,Japan,1779.0,26
2651,10/17/2007,Ireland,1774.0,-16
2652,10/17/2007,Scotland,1772.0,-45
2653,10/17/2007,Poland,1765.0,-17
2654,10/17/2007,Ukraine,1764.0,1
2655,10/17/2007,Chile,1761.0,15
2656,10/17/2007,Ivory Coast,1761.0,-12
2657,10/17/2007,Serbia,1752.0,17
2658,10/17/2007,United States,1751.0,15
2659,10/17/2007,Bulgaria,1743.0,-7
2660,10/17/2007,Israel,1718.0,3
2661,10/17/2007,Egypt,1681.0,-26
2662,10/17/2007,Finland,1668.0,5
2663,10/17/2007,Ecuador,1659.0,-4
2664,10/17/2007,Montenegro,1653.0,6
2665,10/17/2007,Morocco,1651.0,2
2666,10/17/2007,Peru,1645.0,-15
2667,10/17/2007,Belgium,1642.0,13
2668,10/17/2007,Costa Rica,1637.0,-5
2669,10/17/2007,Tunisia,1631.0,9
2670,10/17/2007,Hungary,1625.0,17
2671,10/17/2007,Wales,1609.0,1
2672,10/17/2007,Austria,1604.0,12
2673,10/17/2007,Bolivia,1572.0,8
2674,10/17/2007,Georgia,1568.0,45
2675,10/17/2007,Slovenia,1562.0,-3
2676,10/17/2007,Northern Ireland,1551.0,16
2677,10/17/2007,Haiti,1547.0,5
2678,10/17/2007,Cyprus,1545.0,16
2679,10/17/2007,Bosnia and Herzegovina,1544.0,-21
2680,10/17/2007,Albania,1534.0,7
2681,10/17/2007,New Zealand,1523.0,32
2682,10/17/2007,Guatemala,1521.0,18
2683,10/17/2007,Macedonia,1513.0,3
2684,10/17/2007,Trinidad and Tobago,1501.0,-1
2685,10/17/2007,Lithuania,1496.0,-2
2686,10/17/2007,United Arab Emirates,1492.0,-9
2687,10/17/2007,Belarus,1490.0,-3
2688,10/17/2007,South Africa,1467.0,-1
2689,10/17/2007,Latvia,1465.0,-4
2690,10/17/2007,Armenia,1453.0,-13
2691,10/17/2007,Iceland,1409.0,-54
2692,10/17/2007,Azerbaijan,1385.0,-17
2693,10/17/2007,Estonia,1382.0,-6
2694,10/17/2007,El Salvador,1381.0,1
2695,10/17/2007,Kazakhstan,1348.0,-3
2696,10/17/2007,Fiji,1306.0,-32
2697,10/17/2007,Namibia,1280.0,-2
2698,10/17/2007,Malta,1252.0,-15
2699,10/17/2007,Sierra Leone,1241.0,15
2700,10/17/2007,Guinea-Bissau,1213.0,-15
2701,10/17/2007,Liechtenstein,1202.0,54
2702,10/17/2007,Faroe Islands,1162.0,-1
2703,10/17/2007,Andorra,1086.0,-3
2704,10/17/2007,Luxembourg,1038.0,-1
2705,10/17/2007,San Marino,928.0,-1
2706,10/17/2007,Moldova,,15
2707,11/17/2007,Argentina,2038.0,3
2708,11/17/2007,Italy,2031.0,12
2709,11/17/2007,Netherlands,1982.0,0
2710,11/17/2007,Spain,1962.0,14
2711,11/17/2007,Germany,1960.0,4
2712,11/17/2007,Czechia,1934.0,6
2713,11/17/2007,Romania,1903.0,-25
2714,11/17/2007,Portugal,1893.0,2
2715,11/17/2007,Croatia,1865.0,-51
2716,11/17/2007,Greece,1824.0,2
2717,11/17/2007,Denmark,1818.0,-30
2718,11/17/2007,Turkey,1811.0,26
2719,11/17/2007,Colombia,1809.0,8
2720,11/17/2007,Paraguay,1801.0,16
2721,11/17/2007,Sweden,1796.0,-14
2722,11/17/2007,Russia,1789.0,-19
2723,11/17/2007,Poland,1778.0,13
2724,11/17/2007,Ireland,1770.0,-4
2725,11/17/2007,Bulgaria,1768.0,25
2726,11/17/2007,Norway,1765.0,-26
2727,11/17/2007,Scotland,1760.0,-12
2728,11/17/2007,United States,1759.0,8
2729,11/17/2007,Ivory Coast,1745.0,-16
2730,11/17/2007,Israel,1737.0,19
2731,11/17/2007,Nigeria,1735.0,-11
2732,11/17/2007,Australia,1730.0,11
2733,11/17/2007,Ukraine,1721.0,-43
2734,11/17/2007,Finland,1672.0,4
2735,11/17/2007,Senegal,1670.0,8
2736,11/17/2007,Honduras,1664.0,6
2737,11/17/2007,Venezuela,1653.0,-8
2738,11/17/2007,Slovakia,1652.0,-6
2739,11/17/2007,Ecuador,1643.0,-16
2740,11/17/2007,Tunisia,1633.0,2
2741,11/17/2007,Belgium,1629.0,-13
2742,11/17/2007,Wales,1613.0,4
2743,11/17/2007,Mali,1586.0,-8
2744,11/17/2007,Hungary,1584.0,-41
2745,11/17/2007,Northern Ireland,1581.0,30
2746,11/17/2007,Bolivia,1569.0,-3
2747,11/17/2007,Macedonia,1564.0,51
2748,11/17/2007,Cyprus,1541.0,-4
2749,11/17/2007,Angola,1541.0,16
2750,11/17/2007,Lithuania,1539.0,43
2751,11/17/2007,New Zealand,1536.0,13
2752,11/17/2007,Belarus,1532.0,42
2753,11/17/2007,Guatemala,1515.0,-6
2754,11/17/2007,Albania,1492.0,-42
2755,11/17/2007,Latvia,1473.0,8
2756,11/17/2007,South Africa,1459.0,-8
2757,11/17/2007,Armenia,1451.0,-2
2758,11/17/2007,United Arab Emirates,1436.0,-19
2759,11/17/2007,Estonia,1395.0,15
2760,11/17/2007,Benin,1382.0,19
2761,11/17/2007,Azerbaijan,1381.0,-4
2762,11/17/2007,Fiji,1297.0,-9
2763,11/17/2007,New Caledonia,1282.0,9
2764,11/17/2007,Namibia,1277.0,-2
2765,11/17/2007,Malta,1250.0,-2
2766,11/17/2007,Sierra Leone,1245.0,4
2767,11/17/2007,Vanuatu,1231.0,-13
2768,11/17/2007,Madagascar,1224.0,14
2769,11/17/2007,Guinea-Bissau,1209.0,-4
2770,11/17/2007,Liechtenstein,1194.0,-8
2771,11/17/2007,Andorra,1071.0,-15
2772,11/17/2007,Luxembourg,1038.0,0
2773,11/17/2007,Comoros,847.0,-14
2774,11/17/2007,Moldova,,41
2775,2/4/2008,Cameroon,1755.0,19
2776,2/4/2008,Egypt,1754.0,14
2777,2/4/2008,Tunisia,1628.0,-19
2778,2/4/2008,Angola,1566.0,-14
2779,2/4/2008,Belarus,1559.0,-21
2780,2/4/2008,Armenia,1453.0,21
2781,2/4/2008,Iceland,1374.0,-18
2782,2/4/2008,Malta,1250.0,18
2783,4/24/2008,Oman,1529.0,2
2784,4/24/2008,Liberia,1252.0,-2
2785,5/31/2008,Brazil,2085.0,1
2786,5/31/2008,France,2004.0,-7
2787,5/31/2008,Spain,1983.0,1
2788,5/31/2008,Germany,1960.0,3
2789,5/31/2008,Romania,1908.0,5
2790,5/31/2008,Croatia,1870.0,-5
2791,5/31/2008,Portugal,1860.0,2
2792,5/31/2008,Paraguay,1804.0,7
2793,5/31/2008,Cameroon,1768.0,2
2794,5/31/2008,Serbia,1728.0,-3
2795,5/31/2008,Morocco,1675.0,5
2796,5/31/2008,Montenegro,1666.0,-5
2797,5/31/2008,South Korea,1659.0,-13
2798,5/31/2008,Peru,1632.0,-1
2799,5/31/2008,Canada,1609.0,-1
2800,5/31/2008,Senegal,1601.0,6
2801,5/31/2008,Lithuania,1589.0,8
2802,5/31/2008,Hungary,1580.0,5
2803,5/31/2008,Zambia,1537.0,-27
2804,5/31/2008,Jordan,1521.0,13
2805,5/31/2008,Georgia,1504.0,-2
2806,5/31/2008,Togo,1464.0,27
2807,5/31/2008,Uganda,1406.0,8
2808,5/31/2008,Estonia,1405.0,-8
2809,5/31/2008,Algeria,1399.0,-6
2810,5/31/2008,Rwanda,1346.0,16
2811,5/31/2008,Botswana,1333.0,-10
2812,5/31/2008,Cape Verde,1310.0,-2
2813,5/31/2008,Kenya,1306.0,-18
2814,5/31/2008,Tanzania,1305.0,-12
2815,5/31/2008,Ethiopia,1305.0,-5
2816,5/31/2008,Malawi,1299.0,3
2817,5/31/2008,Namibia,1282.0,18
2818,5/31/2008,Niger,1256.0,-8
2819,5/31/2008,Madagascar,1251.0,10
2820,5/31/2008,Mauritania,1201.0,-16
2821,5/31/2008,Mauritius,1177.0,12
2822,5/31/2008,Djibouti,806.0,-3
2823,7/22/2008,Malawi,1337.0,2
2824,7/22/2008,Namibia,1253.0,-7
2825,7/22/2008,Malaysia,1162.0,3
2826,7/22/2008,India,1149.0,-3
2827,7/22/2008,Lesotho,1135.0,7
2828,7/22/2008,Comoros,839.0,-2
2829,8/24/2008,Libya,1535.0,4
2830,8/24/2008,North Korea,1529.0,-8
2831,8/24/2008,Qatar,1508.0,8
2832,8/24/2008,Chad,1253.0,-4
2833,10/15/2008,Spain,2098.0,5
2834,10/15/2008,Netherlands,2024.0,10
2835,10/15/2008,Brazil,2010.0,-16
2836,10/15/2008,Italy,2008.0,3
2837,10/15/2008,Germany,1979.0,3
2838,10/15/2008,England,1975.0,10
2839,10/15/2008,Argentina,1968.0,-27
2840,10/15/2008,Russia,1882.0,11
2841,10/15/2008,Croatia,1881.0,0
2842,10/15/2008,Mexico,1850.0,-9
2843,10/15/2008,Paraguay,1849.0,5
2844,10/15/2008,Czechia,1845.0,5
2845,10/15/2008,Portugal,1827.0,-17
2846,10/15/2008,Turkey,1821.0,-15
2847,10/15/2008,Chile,1803.0,27
2848,10/15/2008,Bulgaria,1799.0,-11
2849,10/15/2008,United States,1798.0,-29
2850,10/15/2008,Iran,1790.0,5
2851,10/15/2008,Switzerland,1788.0,28
2852,10/15/2008,Ireland,1786.0,5
2853,10/15/2008,Greece,1769.0,-28
2854,10/15/2008,Serbia,1768.0,26
2855,10/15/2008,Israel,1750.0,-8
2856,10/15/2008,Japan,1749.0,-15
2857,10/15/2008,Australia,1744.0,11
2858,10/15/2008,Colombia,1738.0,16
2859,10/15/2008,Poland,1726.0,-22
2860,10/15/2008,Ecuador,1719.0,-31
2861,10/15/2008,Norway,1712.0,-10
2862,10/15/2008,Honduras,1701.0,-23
2863,10/15/2008,Ghana,1700.0,-13
2864,10/15/2008,South Korea,1689.0,8
2865,10/15/2008,Finland,1677.0,-11
2866,10/15/2008,Costa Rica,1674.0,8
2867,10/15/2008,Montenegro,1666.0,-3
2868,10/15/2008,Venezuela,1665.0,31
2869,10/15/2008,Lithuania,1643.0,1
2870,10/15/2008,Belgium,1641.0,-5
2871,10/15/2008,Wales,1636.0,-3
2872,10/15/2008,Slovakia,1628.0,22
2873,10/15/2008,Peru,1610.0,-5
2874,10/15/2008,Hungary,1604.0,7
2875,10/15/2008,Slovenia,1594.0,-5
2876,10/15/2008,Jamaica,1593.0,23
2877,10/15/2008,Canada,1589.0,9
2878,10/15/2008,Belarus,1579.0,-10
2879,10/15/2008,Trinidad and Tobago,1577.0,29
2880,10/15/2008,Austria,1575.0,-26
2881,10/15/2008,Northern Ireland,1565.0,1
2882,10/15/2008,Macedonia,1565.0,-24
2883,10/15/2008,Bosnia and Herzegovina,1561.0,15
2884,10/15/2008,North Korea,1556.0,-5
2885,10/15/2008,Uzbekistan,1555.0,15
2886,10/15/2008,Bahrain,1531.0,-17
2887,10/15/2008,Latvia,1526.0,8
2888,10/15/2008,Cyprus,1525.0,-5
2889,10/15/2008,Qatar,1523.0,-11
2890,10/15/2008,Guatemala,1517.0,-21
2891,10/15/2008,Georgia,1517.0,11
2892,10/15/2008,South Africa,1509.0,13
2893,10/15/2008,Albania,1506.0,17
2894,10/15/2008,El Salvador,1489.0,10
2895,10/15/2008,Guadeloupe,1485.0,15
2896,10/15/2008,Cuba,1447.0,21
2897,10/15/2008,Iceland,1444.0,24
2898,10/15/2008,Haiti,1422.0,-8
2899,10/15/2008,Armenia,1412.0,-15
2900,10/15/2008,United Arab Emirates,1408.0,-8
2901,10/15/2008,Estonia,1399.0,15
2902,10/15/2008,Martinique,1370.0,-15
2903,10/15/2008,Azerbaijan,1366.0,17
2904,10/15/2008,Suriname,1251.0,-10
2905,10/15/2008,Grenada,1235.0,12
2906,10/15/2008,Malta,1229.0,-7
2907,10/15/2008,Malaysia,1173.0,8
2908,10/15/2008,Faroe Islands,1169.0,-1
2909,10/15/2008,Luxembourg,1088.0,13
2910,10/15/2008,Andorra,1049.0,0
2911,10/15/2008,Cayman Islands,978.0,-12
2912,10/15/2008,Nepal,937.0,-8
2913,10/15/2008,San Marino,922.0,-1
2914,10/15/2008,Moldova,,-13
2915,11/5/2008,Trinidad and Tobago,1579.0,2
2916,11/5/2008,Guyana,1252.0,-7
2917,11/5/2008,Antigua and Barbuda,1193.0,-2
2918,11/5/2008,Saint Kitts and Nevis,1131.0,7
2919,11/16/2008,Thailand,1417.0,-3
2920,11/16/2008,Vietnam,1251.0,3
2921,1/19/2009,Oman,1592.0,-18
2922,1/19/2009,Indonesia,1257.0,18
2923,6/3/2009,United States,1798.0,-29
2924,6/3/2009,Costa Rica,1770.0,29
2925,6/3/2009,Bahrain,1610.0,9
2926,6/3/2009,New Zealand,1496.0,-12
2927,6/3/2009,Jordan,1482.0,-9
2928,6/3/2009,Tanzania,1360.0,12
2929,6/3/2009,Antigua and Barbuda,1253.0,15
2930,6/3/2009,Guyana,1231.0,-15
2931,7/11/2009,United States,1865.0,-23
2932,7/11/2009,Honduras,1731.0,6
2933,7/11/2009,Haiti,1442.0,23
2934,7/11/2009,Grenada,1251.0,-6
2935,8/25/2009,North Korea,1538.0,-15
2936,8/25/2009,Lebanon,1249.0,-7
2937,8/25/2009,Hong Kong,1232.0,15
2938,8/25/2009,Kyrgyzstan,1140.0,7
2939,8/25/2009,Taiwan,938.0,5
2940,8/25/2009,Guam,602.0,-5
2941,2/18/2010,Tajikistan,1254.0,13
2942,2/18/2010,Myanmar,1223.0,8
2943,2/18/2010,Bangladesh,956.0,-8
2944,2/18/2010,Sri Lanka,906.0,-13
2945,5/31/2010,South Africa,1579.0,8
2946,5/31/2010,Guatemala,1427.0,-8
2947,5/31/2010,Martinique,1372.0,-1
2948,5/31/2010,Grenada,1252.0,1
2949,9/4/2010,Mexico,1846.0,-16
2950,9/4/2010,Ukraine,1810.0,-2
2951,9/4/2010,Paraguay,1779.0,-8
2952,9/4/2010,Ivory Coast,1778.0,4
2953,9/4/2010,Japan,1770.0,8
2954,9/4/2010,Ecuador,1732.0,16
2955,9/4/2010,Honduras,1688.0,-8
2956,9/4/2010,Cameroon,1663.0,3
2957,9/4/2010,Poland,1653.0,2
2958,9/4/2010,South Africa,1632.0,4
2959,9/4/2010,Peru,1606.0,20
2960,9/4/2010,Tunisia,1584.0,-15
2961,9/4/2010,Canada,1580.0,-20
2962,9/4/2010,Uganda,1566.0,17
2963,9/4/2010,Morocco,1550.0,-18
2964,9/4/2010,Mali,1508.0,-23
2965,9/4/2010,El Salvador,1507.0,8
2966,9/4/2010,Thailand,1452.0,2
2967,9/4/2010,Guatemala,1432.0,5
2968,9/4/2010,Angola,1430.0,-17
2969,9/4/2010,Gambia,1423.0,15
2970,9/4/2010,Togo,1408.0,-17
2971,9/4/2010,Cape Verde,1393.0,23
2972,9/4/2010,Rwanda,1393.0,-4
2973,9/4/2010,Botswana,1389.0,17
2974,9/4/2010,Malawi,1379.0,15
2975,9/4/2010,Congo,1367.0,-29
2976,9/4/2010,Sudan,1333.0,29
2977,9/4/2010,Kenya,1319.0,-20
2978,9/4/2010,Namibia,1306.0,-15
2979,9/4/2010,Niger,1257.0,-4
2980,9/4/2010,Guinea-Bissau,1252.0,20
2981,9/4/2010,Central African Republic,1193.0,18
2982,9/4/2010,India,1160.0,-2
2983,9/4/2010,Nicaragua,1075.0,-5
2984,9/4/2010,Mauritius,1030.0,-3
2985,10/8/2010,Spain,2139.0,1
2986,10/8/2010,Netherlands,2095.0,2
2987,10/8/2010,Germany,2068.0,9
2988,10/8/2010,Argentina,1979.0,-13
2989,10/8/2010,Uruguay,1887.0,2
2990,10/8/2010,Portugal,1863.0,14
2991,10/8/2010,Russia,1843.0,23
2992,10/8/2010,Italy,1835.0,-9
2993,10/8/2010,Turkey,1812.0,-9
2994,10/8/2010,Ukraine,1812.0,-7
2995,10/8/2010,Norway,1801.0,14
2996,10/8/2010,Japan,1785.0,13
2997,10/8/2010,Colombia,1765.0,9
2998,10/8/2010,Ireland,1750.0,-23
2999,10/8/2010,Switzerland,1743.0,-19
3000,10/8/2010,Czechia,1733.0,12
3001,10/8/2010,Serbia,1728.0,-55
3002,10/8/2010,Greece,1727.0,7
3003,10/8/2010,Denmark,1724.0,-14
3004,10/8/2010,Ecuador,1715.0,-9
3005,10/8/2010,Bulgaria,1701.0,20
3006,10/8/2010,Montenegro,1697.0,19
3007,10/8/2010,Slovenia,1694.0,2
3008,10/8/2010,Slovakia,1671.0,-47
3009,10/8/2010,Costa Rica,1666.0,-13
3010,10/8/2010,Scotland,1660.0,-12
3011,10/8/2010,Belarus,1632.0,-17
3012,10/8/2010,Peru,1630.0,13
3013,10/8/2010,China,1627.0,5
3014,10/8/2010,Bosnia and Herzegovina,1612.0,2
3015,10/8/2010,Austria,1608.0,13
3016,10/8/2010,Hungary,1605.0,1
3017,10/8/2010,Belgium,1598.0,19
3018,10/8/2010,Lithuania,1598.0,-1
3019,10/8/2010,Canada,1597.0,7
3020,10/8/2010,Panama,1596.0,5
3021,10/8/2010,Northern Ireland,1593.0,9
3022,10/8/2010,Gabon,1582.0,-8
3023,10/8/2010,Macedonia,1581.0,4
3024,10/8/2010,Wales,1564.0,-20
3025,10/8/2010,Oman,1564.0,8
3026,10/8/2010,Bahrain,1564.0,20
3027,10/8/2010,Cyprus,1560.0,-14
3028,10/8/2010,Latvia,1545.0,-7
3029,10/8/2010,Albania,1544.0,-2
3030,10/8/2010,Kuwait,1539.0,-20
3031,10/8/2010,Syria,1516.0,-5
3032,10/8/2010,Estonia,1514.0,55
3033,10/8/2010,El Salvador,1484.0,-5
3034,10/8/2010,Georgia,1479.0,4
3035,10/8/2010,Armenia,1437.0,47
3036,10/8/2010,Azerbaijan,1427.0,-13
3037,10/8/2010,Vietnam,1329.0,-19
3038,10/8/2010,Kazakhstan,1322.0,-19
3039,10/8/2010,Indonesia,1257.0,-2
3040,10/8/2010,Barbados,1252.0,1
3041,10/8/2010,Saint Vincent and the Grenadines,1230.0,-9
3042,10/8/2010,Malta,1204.0,-4
3043,10/8/2010,Faroe Islands,1196.0,-2
3044,10/8/2010,India,1179.0,19
3045,10/8/2010,Saint Kitts and Nevis,1176.0,9
3046,10/8/2010,Luxembourg,1108.0,17
3047,10/8/2010,Andorra,1018.0,-4
3048,10/8/2010,San Marino,912.0,-1
3049,10/8/2010,Montserrat,535.0,-1
3050,10/8/2010,Moldova,,-2
3051,11/14/2010,Kuwait,1548.0,5
3052,11/14/2010,Syria,1536.0,20
3053,11/14/2010,Bahrain,1520.0,-20
3054,11/14/2010,Cuba,1462.0,-7
3055,11/14/2010,Suriname,1264.0,25
3056,11/14/2010,Antigua and Barbuda,1250.0,7
3057,11/14/2010,India,1156.0,-5
3058,11/14/2010,Dominica,1081.0,-25
3059,12/15/2010,Vietnam,1252.0,-30
3060,12/15/2010,Malaysia,1214.0,30
3061,2/9/2011,Spain,2117.0,1
3062,2/9/2011,Netherlands,2105.0,1
3063,2/9/2011,Brazil,2079.0,-15
3064,2/9/2011,Germany,2059.0,-7
3065,2/9/2011,Argentina,2000.0,7
3066,2/9/2011,England,1931.0,7
3067,2/9/2011,Croatia,1918.0,5
3068,2/9/2011,Portugal,1891.0,-7
3069,2/9/2011,Mexico,1852.0,7
3070,2/9/2011,Italy,1838.0,7
3071,2/9/2011,Sweden,1827.0,-1
3072,2/9/2011,France,1817.0,15
3073,2/9/2011,Russia,1814.0,-13
3074,2/9/2011,Ukraine,1805.0,1
3075,2/9/2011,South Korea,1795.0,2
3076,2/9/2011,Norway,1794.0,-14
3077,2/9/2011,Turkey,1774.0,-2
3078,2/9/2011,Colombia,1761.0,-1
3079,2/9/2011,Serbia,1757.0,17
3080,2/9/2011,Greece,1753.0,4
3081,2/9/2011,Switzerland,1745.0,-9
3082,2/9/2011,Czechia,1735.0,-5
3083,2/9/2011,Iran,1734.0,13
3084,2/9/2011,Ecuador,1729.0,3
3085,2/9/2011,Denmark,1725.0,-7
3086,2/9/2011,Honduras,1717.0,-3
3087,2/9/2011,Romania,1713.0,-3
3088,2/9/2011,Slovenia,1700.0,8
3089,2/9/2011,Venezuela,1699.0,-4
3090,2/9/2011,Poland,1686.0,14
3091,2/9/2011,Scotland,1677.0,20
3092,2/9/2011,Israel,1669.0,-17
3093,2/9/2011,Costa Rica,1668.0,4
3094,2/9/2011,Cameroon,1658.0,11
3095,2/9/2011,Belarus,1658.0,-8
3096,2/9/2011,Nigeria,1653.0,1
3097,2/9/2011,Hungary,1649.0,8
3098,2/9/2011,Slovakia,1637.0,-19
3099,2/9/2011,Bosnia and Herzegovina,1620.0,-7
3100,2/9/2011,Belgium,1616.0,-4
3101,2/9/2011,South Africa,1608.0,2
3102,2/9/2011,Austria,1603.0,-1
3103,2/9/2011,Finland,1597.0,4
3104,2/9/2011,Canada,1593.0,-4
3105,2/9/2011,Senegal,1588.0,10
3106,2/9/2011,Gabon,1574.0,9
3107,2/9/2011,Morocco,1571.0,4
3108,2/9/2011,Northern Ireland,1556.0,-20
3109,2/9/2011,Macedonia,1555.0,-11
3110,2/9/2011,Cyprus,1540.0,3
3111,2/9/2011,Libya,1530.0,5
3112,2/9/2011,Albania,1519.0,-8
3113,2/9/2011,Georgia,1513.0,8
3114,2/9/2011,Zambia,1511.0,7
3115,2/9/2011,Guinea,1503.0,-10
3116,2/9/2011,Burkina Faso,1492.0,-13
3117,2/9/2011,El Salvador,1481.0,6
3118,2/9/2011,Azerbaijan,1449.0,-8
3119,2/9/2011,Benin,1436.0,-5
3120,2/9/2011,Armenia,1433.0,-8
3121,2/9/2011,Botswana,1429.0,2
3122,2/9/2011,Haiti,1428.0,-6
3123,2/9/2011,Malawi,1420.0,9
3124,2/9/2011,Cape Verde,1414.0,13
3125,2/9/2011,Democratic Republic of Congo,1408.0,-9
3126,2/9/2011,Gambia,1383.0,-22
3127,2/9/2011,Mozambique,1380.0,-2
3128,2/9/2011,Tanzania,1366.0,3
3129,2/9/2011,Kazakhstan,1328.0,8
3130,2/9/2011,Niger,1301.0,-4
3131,2/9/2011,Sierra Leone,1290.0,-1
3132,2/9/2011,Namibia,1280.0,-9
3133,2/9/2011,Kenya,1264.0,-2
3134,2/9/2011,Guinea-Bissau,1261.0,22
3135,2/9/2011,Malaysia,1254.0,10
3136,2/9/2011,Malta,1212.0,9
3137,2/9/2011,Hong Kong,1210.0,-10
3138,2/9/2011,Liechtenstein,1176.0,6
3139,2/9/2011,Palestine,1160.0,-3
3140,2/9/2011,Swaziland,1143.0,-7
3141,2/9/2011,Luxembourg,1132.0,19
3142,2/9/2011,Andorra,1013.0,-1
3143,2/9/2011,Philippines,960.0,11
3144,2/9/2011,San Marino,901.0,-6
3145,2/9/2011,Cambodia,816.0,12
3146,2/9/2011,Mongolia,781.0,-11
3147,2/9/2011,Macao,660.0,-12
3148,2/9/2011,Moldova,,1
3149,3/26/2011,Germany,2060.0,1
3150,3/26/2011,Argentina,1999.0,-4
3151,3/26/2011,England,1941.0,10
3152,3/26/2011,Chile,1896.0,3
3153,3/26/2011,Portugal,1888.0,-3
3154,3/26/2011,Croatia,1884.0,-34
3155,3/26/2011,Mexico,1864.0,12
3156,3/26/2011,Russia,1801.0,-13
3157,3/26/2011,Norway,1785.0,-9
3158,3/26/2011,Colombia,1775.0,14
3159,3/26/2011,United States,1772.0,4
3160,3/26/2011,Paraguay,1772.0,-12
3161,3/26/2011,Egypt,1768.0,-25
3162,3/26/2011,Greece,1756.0,3
3163,3/26/2011,Ireland,1753.0,6
3164,3/26/2011,Switzerland,1748.0,3
3165,3/26/2011,Denmark,1734.0,9
3166,3/26/2011,Ecuador,1715.0,-14
3167,3/26/2011,Bulgaria,1701.0,-3
3168,3/26/2011,Romania,1693.0,-20
3169,3/26/2011,Israel,1677.0,8
3170,3/26/2011,Costa Rica,1664.0,-4
3171,3/26/2011,Cameroon,1640.0,-18
3172,3/26/2011,Bosnia and Herzegovina,1640.0,20
3173,3/26/2011,Slovakia,1639.0,2
3174,3/26/2011,Belarus,1636.0,-22
3175,3/26/2011,South Africa,1633.0,25
3176,3/26/2011,China,1625.0,4
3177,3/26/2011,Senegal,1606.0,18
3178,3/26/2011,Iraq,1603.0,11
3179,3/26/2011,Uganda,1568.0,10
3180,3/26/2011,Macedonia,1549.0,-6
3181,3/26/2011,Georgia,1547.0,34
3182,3/26/2011,Albania,1541.0,22
3183,3/26/2011,Kuwait,1535.0,0
3184,3/26/2011,Wales,1534.0,-10
3185,3/26/2011,Cyprus,1529.0,-11
3186,3/26/2011,Jordan,1528.0,0
3187,3/26/2011,Latvia,1523.0,-8
3188,3/26/2011,Mali,1523.0,6
3189,3/26/2011,Burkina Faso,1503.0,11
3190,3/26/2011,North Korea,1490.0,-11
3191,3/26/2011,Iceland,1447.0,11
3192,3/26/2011,Armenia,1446.0,13
3193,3/26/2011,Botswana,1437.0,14
3194,3/26/2011,Angola,1435.0,-25
3195,3/26/2011,Malawi,1432.0,12
3196,3/26/2011,Cape Verde,1424.0,10
3197,3/26/2011,Tanzania,1375.0,9
3198,3/26/2011,Rwanda,1370.0,12
3199,3/26/2011,Togo,1363.0,-12
3200,3/26/2011,Kazakhstan,1327.0,-1
3201,3/26/2011,Zimbabwe,1322.0,-6
3202,3/26/2011,Kenya,1289.0,25
3203,3/26/2011,Namibia,1275.0,-11
3204,3/26/2011,Guinea-Bissau,1251.0,-10
3205,3/26/2011,Central African Republic,1231.0,-9
3206,3/26/2011,Liberia,1218.0,-10
3207,3/26/2011,Malta,1209.0,-3
3208,3/26/2011,Chad,1199.0,-14
3209,3/26/2011,Burundi,1198.0,-12
3210,3/26/2011,Andorra,1011.0,-2
3211,6/4/2011,Spain,2131.0,7
3212,6/4/2011,Netherlands,2118.0,2
3213,6/4/2011,Brazil,2080.0,-2
3214,6/4/2011,England,1920.0,-14
3215,6/4/2011,Portugal,1900.0,9
3216,6/4/2011,Russia,1801.0,4
3217,6/4/2011,Paraguay,1788.0,10
3218,6/4/2011,Ireland,1781.0,21
3219,6/4/2011,Norway,1776.0,-9
3220,6/4/2011,Switzerland,1762.0,14
3221,6/4/2011,Denmark,1759.0,15
3222,6/4/2011,United States,1752.0,-7
3223,6/4/2011,Greece,1752.0,1
3224,6/4/2011,Czechia,1730.0,-4
3225,6/4/2011,Bulgaria,1715.0,6
3226,6/4/2011,Montenegro,1714.0,-6
3227,6/4/2011,Israel,1701.0,16
3228,6/4/2011,Peru,1651.0,4
3229,6/4/2011,Cameroon,1633.0,-7
3230,6/4/2011,Slovakia,1630.0,1
3231,6/4/2011,Senegal,1613.0,7
3232,6/4/2011,Uganda,1573.0,5
3233,6/4/2011,Morocco,1571.0,21
3234,6/4/2011,Bolivia,1558.0,-10
3235,6/4/2011,Zambia,1550.0,12
3236,6/4/2011,Macedonia,1528.0,-21
3237,6/4/2011,Burkina Faso,1526.0,23
3238,6/4/2011,Latvia,1507.0,-16
3239,6/4/2011,Algeria,1462.0,-21
3240,6/4/2011,Armenia,1442.0,-4
3241,6/4/2011,Iceland,1432.0,-15
3242,6/4/2011,Mozambique,1353.0,-12
3243,6/4/2011,Niger,1305.0,-17
3244,6/4/2011,Sierra Leone,1286.0,17
3245,6/4/2011,Namibia,1252.0,-23
3246,6/4/2011,Guinea-Bissau,1246.0,-5
3247,6/4/2011,Malta,1208.0,-1
3248,6/4/2011,Andorra,1010.0,-1
3249,7/3/2011,Brazil,2062.0,-19
3250,7/3/2011,Paraguay,1785.0,-5
3251,7/3/2011,Venezuela,1740.0,19
3252,7/3/2011,Ecuador,1730.0,5
3253,7/3/2011,Vietnam,1251.0,5
3254,7/3/2011,Malaysia,1230.0,-33
3255,7/3/2011,Palestine,1180.0,-18
3256,7/3/2011,Philippines,1016.0,19
3257,7/3/2011,Myanmar,1012.0,10
3258,7/3/2011,Bangladesh,956.0,2
3259,7/3/2011,Taiwan,923.0,33
3260,7/3/2011,Sri Lanka,895.0,-19
3261,7/3/2011,Pakistan,889.0,-2
3262,7/3/2011,Laos,847.0,26
3263,7/3/2011,Afghanistan,837.0,18
3264,7/3/2011,Mongolia,822.0,-10
3265,7/3/2011,British Virgin Islands,791.0,-35
3266,7/3/2011,Cambodia,780.0,-26
3267,7/3/2011,US Virgin Islands,705.0,35
3268,7/3/2011,Macao,676.0,-5
3269,9/6/2011,Spain,2125.0,0
3270,9/6/2011,Netherlands,2118.0,6
3271,9/6/2011,Germany,2055.0,-7
3272,9/6/2011,England,1946.0,2
3273,9/6/2011,Argentina,1929.0,6
3274,9/6/2011,Croatia,1898.0,8
3275,9/6/2011,Italy,1881.0,5
3276,9/6/2011,France,1849.0,-2
3277,9/6/2011,Sweden,1838.0,1
3278,9/6/2011,Australia,1838.0,18
3279,9/6/2011,Japan,1829.0,-9
3280,9/6/2011,Paraguay,1813.0,15
3281,9/6/2011,Russia,1800.0,-7
3282,9/6/2011,South Korea,1800.0,-6
3283,9/6/2011,Ireland,1794.0,7
3284,9/6/2011,Colombia,1784.0,10
3285,9/6/2011,Switzerland,1780.0,16
3286,9/6/2011,Turkey,1779.0,-8
3287,9/6/2011,Denmark,1775.0,25
3288,9/6/2011,Norway,1768.0,-25
3289,9/6/2011,Greece,1764.0,-9
3290,9/6/2011,Serbia,1762.0,2
3291,9/6/2011,Czechia,1746.0,15
3292,9/6/2011,Ukraine,1738.0,-15
3293,9/6/2011,Ecuador,1735.0,10
3294,9/6/2011,Iran,1734.0,-8
3295,9/6/2011,United States,1714.0,-9
3296,9/6/2011,Venezuela,1713.0,3
3297,9/6/2011,Romania,1711.0,2
3298,9/6/2011,Poland,1695.0,7
3299,9/6/2011,Scotland,1693.0,8
3300,9/6/2011,Hungary,1691.0,18
3301,9/6/2011,Bosnia and Herzegovina,1686.0,11
3302,9/6/2011,Nigeria,1676.0,-6
3303,9/6/2011,Belgium,1667.0,9
3304,9/6/2011,Bulgaria,1665.0,-16
3305,9/6/2011,Israel,1662.0,-8
3306,9/6/2011,Panama,1649.0,3
3307,9/6/2011,Costa Rica,1648.0,-10
3308,9/6/2011,Jamaica,1646.0,-10
3309,9/6/2011,China,1644.0,-21
3310,9/6/2011,Slovenia,1643.0,-5
3311,9/6/2011,Honduras,1633.0,-15
3312,9/6/2011,Canada,1617.0,4
3313,9/6/2011,Kuwait,1609.0,6
3314,9/6/2011,Finland,1608.0,-6
3315,9/6/2011,Belarus,1592.0,-11
3316,9/6/2011,Slovakia,1590.0,-64
3317,9/6/2011,Uzbekistan,1589.0,9
3318,9/6/2011,Jordan,1568.0,21
3319,9/6/2011,El Salvador,1563.0,4
3320,9/6/2011,Wales,1560.0,-2
3321,9/6/2011,Gabon,1559.0,4
3322,9/6/2011,Saudi Arabia,1558.0,-18
3323,9/6/2011,Austria,1557.0,8
3324,9/6/2011,Iraq,1541.0,23
3325,9/6/2011,Macedonia,1535.0,1
3326,9/6/2011,Lithuania,1526.0,-8
3327,9/6/2011,Latvia,1519.0,9
3328,9/6/2011,Trinidad and Tobago,1514.0,17
3329,9/6/2011,Oman,1514.0,-42
3330,9/6/2011,Estonia,1513.0,28
3331,9/6/2011,Armenia,1507.0,64
3332,9/6/2011,Guinea,1507.0,-3
3333,9/6/2011,North Korea,1499.0,5
3334,9/6/2011,Qatar,1495.0,8
3335,9/6/2011,Georgia,1494.0,-10
3336,9/6/2011,Cyprus,1494.0,-19
3337,9/6/2011,Albania,1493.0,-34
3338,9/6/2011,Bahrain,1487.0,27
3339,9/6/2011,Northern Ireland,1485.0,-28
3340,9/6/2011,Guatemala,1466.0,9
3341,9/6/2011,Iceland,1443.0,19
3342,9/6/2011,Haiti,1441.0,12
3343,9/6/2011,Thailand,1430.0,42
3344,9/6/2011,Azerbaijan,1425.0,11
3345,9/6/2011,United Arab Emirates,1408.0,-45
3346,9/6/2011,Guyana,1343.0,6
3347,9/6/2011,Kazakhstan,1339.0,-11
3348,9/6/2011,Niger,1334.0,-4
3349,9/6/2011,Singapore,1318.0,-23
3350,9/6/2011,Indonesia,1297.0,-27
3351,9/6/2011,Antigua and Barbuda,1282.0,7
3352,9/6/2011,Suriname,1262.0,-6
3353,9/6/2011,Tajikistan,1251.0,-5
3354,9/6/2011,Liechtenstein,1242.0,0
3355,9/6/2011,Malta,1224.0,10
3356,9/6/2011,Faroe Islands,1222.0,-2
3357,9/6/2011,Barbados,1212.0,-17
3358,9/6/2011,Lebanon,1212.0,45
3359,9/6/2011,Saint Kitts and Nevis,1200.0,28
3360,9/6/2011,Luxembourg,1155.0,34
3361,9/6/2011,Bermuda,1143.0,-6
3362,9/6/2011,Belize,1134.0,-9
3363,9/6/2011,Nicaragua,1109.0,-3
3364,9/6/2011,Curaçao,1077.0,-12
3365,9/6/2011,Dominican Republic,1072.0,6
3366,9/6/2011,Saint Lucia,1015.0,-28
3367,9/6/2011,Puerto Rico,1007.0,-4
3368,9/6/2011,Andorra,1000.0,-1
3369,9/6/2011,Cayman Islands,951.0,-4
3370,9/6/2011,San Marino,897.0,-1
3371,9/6/2011,Moldova,,-18
3372,9/6/2011,US Virgin Islands,727.0,-7
3373,10/11/2011,Spain,2138.0,3
3374,10/11/2011,Netherlands,2089.0,-29
3375,10/11/2011,Germany,2074.0,3
3376,10/11/2011,Brazil,2057.0,8
3377,10/11/2011,Uruguay,1962.0,-4
3378,10/11/2011,Argentina,1913.0,-28
3379,10/11/2011,Portugal,1894.0,-21
3380,10/11/2011,Italy,1883.0,3
3381,10/11/2011,Chile,1883.0,16
3382,10/11/2011,Sweden,1880.0,29
3383,10/11/2011,Croatia,1869.0,4
3384,10/11/2011,Mexico,1856.0,-8
3385,10/11/2011,Australia,1845.0,6
3386,10/11/2011,France,1841.0,-13
3387,10/11/2011,Japan,1831.0,2
3388,10/11/2011,Denmark,1814.0,21
3389,10/11/2011,Russia,1814.0,0
3390,10/11/2011,Greece,1806.0,9
3391,10/11/2011,Ireland,1799.0,4
3392,10/11/2011,South Korea,1797.0,2
3393,10/11/2011,Colombia,1796.0,12
3394,10/11/2011,Paraguay,1792.0,4
3395,10/11/2011,Peru,1775.0,-16
3396,10/11/2011,Norway,1774.0,6
3397,10/11/2011,Ghana,1768.0,-3
3398,10/11/2011,Ecuador,1767.0,12
3399,10/11/2011,Turkey,1766.0,3
3400,10/11/2011,Czechia,1760.0,24
3401,10/11/2011,Switzerland,1758.0,18
3402,10/11/2011,Ukraine,1757.0,10
3403,10/11/2011,Iran,1745.0,10
3404,10/11/2011,Serbia,1742.0,-21
3405,10/11/2011,Venezuela,1721.0,28
3406,10/11/2011,Poland,1711.0,11
3407,10/11/2011,United States,1707.0,-12
3408,10/11/2011,Bosnia and Herzegovina,1701.0,13
3409,10/11/2011,Scotland,1695.0,-3
3410,10/11/2011,Romania,1694.0,-6
3411,10/11/2011,Hungary,1681.0,-10
3412,10/11/2011,Belgium,1669.0,-3
3413,10/11/2011,Israel,1669.0,7
3414,10/11/2011,Montenegro,1668.0,-18
3415,10/11/2011,Nigeria,1666.0,3
3416,10/11/2011,Slovenia,1664.0,21
3417,10/11/2011,Panama,1655.0,2
3418,10/11/2011,Cameroon,1643.0,-8
3419,10/11/2011,Jamaica,1638.0,-8
3420,10/11/2011,Honduras,1636.0,8
3421,10/11/2011,Wales,1628.0,28
3422,10/11/2011,Bulgaria,1628.0,-28
3423,10/11/2011,China,1616.0,-31
3424,10/11/2011,Uzbekistan,1610.0,21
3425,10/11/2011,Finland,1605.0,10
3426,10/11/2011,Canada,1603.0,-19
3427,10/11/2011,Kuwait,1595.0,-14
3428,10/11/2011,Belarus,1592.0,-11
3429,10/11/2011,Jordan,1588.0,21
3430,10/11/2011,Austria,1581.0,-8
3431,10/11/2011,Slovakia,1578.0,2
3432,10/11/2011,Iraq,1572.0,31
3433,10/11/2011,El Salvador,1568.0,1
3434,10/11/2011,Saudi Arabia,1551.0,-1
3435,10/11/2011,Armenia,1531.0,-4
3436,10/11/2011,Estonia,1527.0,-10
3437,10/11/2011,Bolivia,1522.0,-12
3438,10/11/2011,Latvia,1521.0,-4
3439,10/11/2011,Qatar,1510.0,15
3440,10/11/2011,Oman,1508.0,-6
3441,10/11/2011,Macedonia,1505.0,-2
3442,10/11/2011,Lithuania,1502.0,-24
3443,10/11/2011,Albania,1494.0,6
3444,10/11/2011,Trinidad and Tobago,1488.0,7
3445,10/11/2011,Guatemala,1488.0,3
3446,10/11/2011,Georgia,1485.0,-9
3447,10/11/2011,North Korea,1478.0,-21
3448,10/11/2011,Bahrain,1477.0,-10
3449,10/11/2011,Cyprus,1470.0,-6
3450,10/11/2011,Northern Ireland,1458.0,-3
3451,10/11/2011,Thailand,1432.0,1
3452,10/11/2011,Haiti,1426.0,-18
3453,10/11/2011,United Arab Emirates,1403.0,-2
3454,10/11/2011,Azerbaijan,1390.0,-3
3455,10/11/2011,Guyana,1365.0,-5
3456,10/11/2011,Kazakhstan,1342.0,8
3457,10/11/2011,Singapore,1300.0,-21
3458,10/11/2011,Antigua and Barbuda,1295.0,2
3459,10/11/2011,Indonesia,1288.0,-15
3460,10/11/2011,Tajikistan,1249.0,-2
3461,10/11/2011,Lebanon,1226.0,14
3462,10/11/2011,Equatorial Guinea,1220.0,8
3463,10/11/2011,Suriname,1218.0,-51
3464,10/11/2011,Malta,1211.0,-7
3465,10/11/2011,Saint Kitts and Nevis,1181.0,-14
3466,10/11/2011,Bermuda,1181.0,5
3467,10/11/2011,Barbados,1178.0,-7
3468,10/11/2011,Dominican Republic,1119.0,51
3469,10/11/2011,Nicaragua,1107.0,-2
3470,10/11/2011,Belize,1089.0,-3
3471,10/11/2011,Curaçao,1083.0,18
3472,10/11/2011,Philippines,1034.0,12
3473,10/11/2011,Puerto Rico,1031.0,19
3474,10/11/2011,Saint Lucia,1024.0,14
3475,10/11/2011,Andorra,999.0,0
3476,10/11/2011,Nepal,979.0,-12
3477,10/11/2011,Cayman Islands,941.0,-1
3478,10/11/2011,San Marino,895.0,-2
3479,10/11/2011,Moldova,,2
3480,10/11/2011,US Virgin Islands,722.0,-2
3481,2/29/2012,Spain,2119.0,2
3482,2/29/2012,Netherlands,2078.0,10
3483,2/29/2012,Germany,2063.0,-18
3484,2/29/2012,Uruguay,1987.0,-5
3485,2/29/2012,England,1945.0,-10
3486,2/29/2012,Argentina,1928.0,13
3487,2/29/2012,Portugal,1898.0,-3
3488,2/29/2012,Sweden,1886.0,20
3489,2/29/2012,Croatia,1871.0,-20
3490,2/29/2012,Italy,1869.0,-16
3491,2/29/2012,Chile,1865.0,-5
3492,2/29/2012,France,1857.0,18
3493,2/29/2012,Mexico,1853.0,-19
3494,2/29/2012,Russia,1837.0,20
3495,2/29/2012,Australia,1825.0,6
3496,2/29/2012,Denmark,1811.0,-20
3497,2/29/2012,Paraguay,1804.0,4
3498,2/29/2012,Ireland,1799.0,-3
3499,2/29/2012,Ivory Coast,1798.0,-8
3500,2/29/2012,Czechia,1797.0,3
3501,2/29/2012,Colombia,1786.0,19
3502,2/29/2012,Ecuador,1783.0,6
3503,2/29/2012,South Korea,1783.0,9
3504,2/29/2012,Greece,1778.0,-5
3505,2/29/2012,Ukraine,1776.0,10
3506,2/29/2012,Japan,1770.0,-34
3507,2/29/2012,Norway,1767.0,8
3508,2/29/2012,Switzerland,1754.0,-13
3509,2/29/2012,Peru,1750.0,-2
3510,2/29/2012,United States,1749.0,16
3511,2/29/2012,Turkey,1728.0,-16
3512,2/29/2012,Iran,1725.0,-15
3513,2/29/2012,Serbia,1724.0,-4
3514,2/29/2012,Egypt,1722.0,2
3515,2/29/2012,Romania,1715.0,5
3516,2/29/2012,Poland,1709.0,3
3517,2/29/2012,Scotland,1703.0,1
3518,2/29/2012,Ghana,1696.0,5
3519,2/29/2012,Venezuela,1695.0,-2
3520,2/29/2012,Belgium,1688.0,5
3521,2/29/2012,Costa Rica,1674.0,12
3522,2/29/2012,Hungary,1672.0,-4
3523,2/29/2012,Israel,1659.0,-10
3524,2/29/2012,Cameroon,1656.0,5
3525,2/29/2012,Jamaica,1655.0,11
3526,2/29/2012,Nigeria,1655.0,-6
3527,2/29/2012,Panama,1651.0,-4
3528,2/29/2012,Slovenia,1651.0,-1
3529,2/29/2012,Honduras,1645.0,-6
3530,2/29/2012,China,1640.0,18
3531,2/29/2012,Montenegro,1637.0,3
3532,2/29/2012,Wales,1636.0,-12
3533,2/29/2012,Bulgaria,1632.0,4
3534,2/29/2012,Uzbekistan,1629.0,34
3535,2/29/2012,Finland,1599.0,-12
3536,2/29/2012,Slovakia,1594.0,16
3537,2/29/2012,Austria,1590.0,12
3538,2/29/2012,Iraq,1586.0,13
3539,2/29/2012,Belarus,1585.0,-5
3540,2/29/2012,South Africa,1584.0,-4
3541,2/29/2012,Bahrain,1580.0,10
3542,2/29/2012,Tunisia,1579.0,2
3543,2/29/2012,Canada,1574.0,-18
3544,2/29/2012,Kuwait,1569.0,-9
3545,2/29/2012,El Salvador,1567.0,-18
3546,2/29/2012,New Zealand,1554.0,-11
3547,2/29/2012,Jordan,1554.0,-18
3548,2/29/2012,Guinea,1545.0,8
3549,2/29/2012,Estonia,1542.0,18
3550,2/29/2012,Morocco,1542.0,8
3551,2/29/2012,Armenia,1541.0,18
3552,2/29/2012,Bolivia,1538.0,4
3553,2/29/2012,Oman,1531.0,13
3554,2/29/2012,Saudi Arabia,1524.0,-6
3555,2/29/2012,Senegal,1524.0,4
3556,2/29/2012,Guatemala,1522.0,13
3557,2/29/2012,Qatar,1518.0,15
3558,2/29/2012,Latvia,1516.0,-5
3559,2/29/2012,Uganda,1504.0,-38
3560,2/29/2012,Georgia,1500.0,7
3561,2/29/2012,Algeria,1500.0,20
3562,2/29/2012,North Korea,1496.0,-9
3563,2/29/2012,Trinidad and Tobago,1489.0,15
3564,2/29/2012,Macedonia,1486.0,-16
3565,2/29/2012,Albania,1475.0,-7
3566,2/29/2012,Cyprus,1467.0,4
3567,2/29/2012,Rwanda,1460.0,6
3568,2/29/2012,Northern Ireland,1450.0,-8
3569,2/29/2012,Burkina Faso,1443.0,-8
3570,2/29/2012,Democratic Republic of Congo,1438.0,11
3571,2/29/2012,Iceland,1436.0,-3
3572,2/29/2012,Cape Verde,1423.0,27
3573,2/29/2012,United Arab Emirates,1422.0,16
3574,2/29/2012,Congo,1391.0,38
3575,2/29/2012,Azerbaijan,1387.0,-22
3576,2/29/2012,Cuba,1383.0,-4
3577,2/29/2012,Benin,1377.0,0
3578,2/29/2012,Malawi,1376.0,-25
3579,2/29/2012,Thailand,1375.0,-13
3580,2/29/2012,Togo,1359.0,-18
3581,2/29/2012,Gambia,1354.0,-20
3582,2/29/2012,Guyana,1351.0,-13
3583,2/29/2012,Zimbabwe,1347.0,-21
3584,2/29/2012,Kazakhstan,1347.0,5
3585,2/29/2012,Mozambique,1337.0,1
3586,2/29/2012,Kenya,1333.0,18
3587,2/29/2012,Lebanon,1319.0,-16
3588,2/29/2012,Sierra Leone,1304.0,-28
3589,2/29/2012,Namibia,1302.0,-19
3590,2/29/2012,Niger,1298.0,-2
3591,2/29/2012,Antigua and Barbuda,1294.0,-15
3592,2/29/2012,Ethiopia,1285.0,0
3593,2/29/2012,Singapore,1267.0,-13
3594,2/29/2012,Burundi,1266.0,21
3595,2/29/2012,Liberia,1263.0,19
3596,2/29/2012,Indonesia,1260.0,-10
3597,2/29/2012,Tanzania,1259.0,-1
3598,2/29/2012,Tajikistan,1250.0,9
3599,2/29/2012,Palestine,1245.0,22
3600,2/29/2012,Chad,1241.0,25
3601,2/29/2012,Liechtenstein,1227.0,-8
3602,2/29/2012,Malta,1219.0,8
3603,2/29/2012,Guinea-Bissau,1217.0,-5
3604,2/29/2012,Malaysia,1208.0,-2
3605,2/29/2012,Hong Kong,1206.0,4
3606,2/29/2012,Madagascar,1170.0,-27
3607,2/29/2012,Luxembourg,1168.0,16
3608,2/29/2012,Sao Tome and Principe,1104.0,28
3609,2/29/2012,Philippines,1036.0,2
3610,2/29/2012,Seychelles,1015.0,-11
3611,2/29/2012,Taiwan,906.0,-4
3612,2/29/2012,Moldova,,5
3613,5/22/2012,Egypt,1748.0,3
3614,5/22/2012,Poland,1714.0,5
3615,5/22/2012,Latvia,1511.0,-5
3616,5/22/2012,Qatar,1507.0,-11
3617,5/22/2012,Albania,1486.0,11
3618,5/22/2012,Togo,1356.0,-3
3619,5/22/2012,Indonesia,1268.0,-12
3620,5/22/2012,Palestine,1254.0,12
3621,6/8/2012,Mexico,1890.0,2
3622,6/8/2012,Russia,1886.0,36
3623,6/8/2012,Australia,1803.0,-10
3624,6/8/2012,South Korea,1799.0,20
3625,6/8/2012,Japan,1792.0,12
3626,6/8/2012,Greece,1781.0,3
3627,6/8/2012,United States,1752.0,2
3628,6/8/2012,Czechia,1751.0,-36
3629,6/8/2012,Poland,1718.0,-3
3630,6/8/2012,Panama,1711.0,37
3631,6/8/2012,Costa Rica,1653.0,-11
3632,6/8/2012,Jamaica,1644.0,9
3633,6/8/2012,China,1641.0,2
3634,6/8/2012,Honduras,1614.0,-37
3635,6/8/2012,Uzbekistan,1597.0,-11
3636,6/8/2012,Canada,1591.0,15
3637,6/8/2012,Bahrain,1580.0,0
3638,6/8/2012,El Salvador,1572.0,11
3639,6/8/2012,Kuwait,1569.0,0
3640,6/8/2012,Jordan,1548.0,-12
3641,6/8/2012,Oman,1526.0,10
3642,6/8/2012,Guatemala,1516.0,-9
3643,6/8/2012,New Zealand,1504.0,-61
3644,6/8/2012,Qatar,1494.0,-20
3645,6/8/2012,Northern Cyprus,1473.0,19
3646,6/8/2012,Cuba,1368.0,-15
3647,6/8/2012,New Caledonia,1363.0,61
3648,6/8/2012,Guyana,1361.0,-2
3649,6/8/2012,Lebanon,1311.0,11
3650,6/8/2012,Zanzibar,1301.0,-19
3651,6/8/2012,Tahiti,1293.0,34
3652,6/8/2012,Antigua and Barbuda,1281.0,-2
3653,6/8/2012,Vietnam,1272.0,-2
3654,6/8/2012,Solomon Islands,1261.0,-34
3655,6/8/2012,Singapore,1252.0,-6
3656,6/8/2012,Malaysia,1212.0,6
3657,9/6/2012,Sweden,1876.0,3
3658,9/6/2012,Japan,1794.0,1
3659,9/6/2012,Australia,1785.0,3
3660,9/6/2012,China,1636.0,-3
3661,9/6/2012,Qatar,1492.0,-17
3662,9/6/2012,United Arab Emirates,1421.0,-1
3663,9/6/2012,Lebanon,1297.0,-3
3664,9/6/2012,Tajikistan,1249.0,17
3665,9/11/2012,Spain,2157.0,2
3666,9/11/2012,Germany,2044.0,6
3667,9/11/2012,Argentina,1978.0,-9
3668,9/11/2012,England,1975.0,-16
3669,9/11/2012,Netherlands,1972.0,19
3670,9/11/2012,Portugal,1949.0,2
3671,9/11/2012,Uruguay,1918.0,-11
3672,9/11/2012,Mexico,1907.0,4
3673,9/11/2012,Italy,1901.0,1
3674,9/11/2012,Colombia,1883.0,44
3675,9/11/2012,Sweden,1878.0,2
3676,9/11/2012,France,1874.0,6
3677,9/11/2012,Russia,1873.0,27
3678,9/11/2012,Croatia,1866.0,-2
3679,9/11/2012,Chile,1864.0,-44
3680,9/11/2012,Ecuador,1825.0,11
3681,9/11/2012,Switzerland,1820.0,5
3682,9/11/2012,Greece,1806.0,5
3683,9/11/2012,Japan,1801.0,7
3684,9/11/2012,South Korea,1798.0,-6
3685,9/11/2012,Czechia,1778.0,-17
3686,9/11/2012,Australia,1758.0,-27
3687,9/11/2012,Turkey,1753.0,9
3688,9/11/2012,Ireland,1752.0,8
3689,9/11/2012,United States,1751.0,11
3690,9/11/2012,Romania,1743.0,1
3691,9/11/2012,Ukraine,1743.0,16
3692,9/11/2012,Belgium,1737.0,2
3693,9/11/2012,Serbia,1732.0,17
3694,9/11/2012,Peru,1728.0,9
3695,9/11/2012,Venezuela,1727.0,43
3696,9/11/2012,Bosnia and Herzegovina,1720.0,11
3697,9/11/2012,Norway,1712.0,11
3698,9/11/2012,Paraguay,1708.0,-43
3699,9/11/2012,Panama,1705.0,16
3700,9/11/2012,Poland,1693.0,6
3701,9/11/2012,Scotland,1688.0,-14
3702,9/11/2012,Iran,1679.0,-34
3703,9/11/2012,Hungary,1668.0,-19
3704,9/11/2012,Ghana,1661.0,-25
3705,9/11/2012,Bulgaria,1660.0,9
3706,9/11/2012,Jamaica,1653.0,-11
3707,9/11/2012,Montenegro,1646.0,2
3708,9/11/2012,Honduras,1643.0,4
3709,9/11/2012,Costa Rica,1636.0,-4
3710,9/11/2012,Finland,1627.0,17
3711,9/11/2012,Slovenia,1625.0,-11
3712,9/11/2012,Israel,1619.0,-27
3713,9/11/2012,Austria,1616.0,-6
3714,9/11/2012,Slovakia,1613.0,3
3715,9/11/2012,Uzbekistan,1611.0,6
3716,9/11/2012,Iraq,1606.0,-7
3717,9/11/2012,Canada,1603.0,-16
3718,9/11/2012,Jordan,1580.0,27
3719,9/11/2012,South Africa,1577.0,4
3720,9/11/2012,Belarus,1565.0,-6
3721,9/11/2012,Wales,1564.0,-17
3722,9/11/2012,El Salvador,1560.0,15
3723,9/11/2012,Gabon,1559.0,8
3724,9/11/2012,New Zealand,1551.0,9
3725,9/11/2012,Guatemala,1540.0,12
3726,9/11/2012,Armenia,1532.0,-9
3727,9/11/2012,Kuwait,1526.0,-19
3728,9/11/2012,Oman,1523.0,-8
3729,9/11/2012,Georgia,1516.0,-2
3730,9/11/2012,Latvia,1515.0,-11
3731,9/11/2012,Macedonia,1513.0,14
3732,9/11/2012,Albania,1511.0,-5
3733,9/11/2012,Estonia,1502.0,-9
3734,9/11/2012,Saudi Arabia,1475.0,-8
3735,9/11/2012,Iceland,1467.0,-17
3736,9/11/2012,Lithuania,1466.0,-5
3737,9/11/2012,Cyprus,1462.0,17
3738,9/11/2012,United Arab Emirates,1440.0,19
3739,9/11/2012,Northern Ireland,1432.0,-16
3740,9/11/2012,Haiti,1428.0,4
3741,9/11/2012,Azerbaijan,1401.0,-2
3742,9/11/2012,New Caledonia,1356.0,46
3743,9/11/2012,Mozambique,1345.0,-4
3744,9/11/2012,Cuba,1340.0,-4
3745,9/11/2012,Guyana,1338.0,-15
3746,9/11/2012,Kazakhstan,1338.0,-2
3747,9/11/2012,Lebanon,1331.0,34
3748,9/11/2012,Liberia,1315.0,25
3749,9/11/2012,Vietnam,1308.0,17
3750,9/11/2012,Antigua and Barbuda,1274.0,-12
3751,9/11/2012,Solomon Islands,1265.0,-9
3752,9/11/2012,Tahiti,1249.0,-46
3753,9/11/2012,Malta,1229.0,-1
3754,9/11/2012,Singapore,1217.0,-3
3755,9/11/2012,Liechtenstein,1217.0,-3
3756,9/11/2012,Malaysia,1214.0,-17
3757,9/11/2012,Bermuda,1187.0,14
3758,9/11/2012,Luxembourg,1162.0,16
3759,9/11/2012,Puerto Rico,1119.0,-4
3760,9/11/2012,Myanmar,1016.0,3
3761,9/11/2012,Andorra,1000.0,-1
3762,9/11/2012,San Marino,889.0,-2
3763,9/11/2012,Saint Martin,854.0,-14
3764,9/11/2012,Moldova,,-6
3765,12/8/2012,Jamaica,1601.0,-36
3766,12/8/2012,Uganda,1561.0,6
3767,12/8/2012,Kuwait,1524.0,5
3768,12/8/2012,Oman,1490.0,-30
3769,12/8/2012,Martinique,1383.0,19
3770,12/8/2012,Lebanon,1360.0,30
3771,12/8/2012,Kenya,1356.0,-6
3772,12/8/2012,Tanzania,1346.0,-3
3773,12/8/2012,Cuba,1335.0,-19
3774,12/8/2012,Zanzibar,1302.0,3
3775,12/8/2012,Palestine,1289.0,-5
3776,12/8/2012,French Guiana,1276.0,36
3777,12/8/2012,Singapore,1250.0,3
3778,12/8/2012,Philippines,1195.0,-3
3779,1/6/2013,Iraq,1614.0,22
3780,1/6/2013,Kuwait,1504.0,13
3781,1/6/2013,Saudi Arabia,1473.0,-22
3782,1/6/2013,Yemen,1253.0,-13
3783,3/17/2013,Saudi Arabia,1497.0,8
3784,3/17/2013,Qatar,1490.0,4
3785,3/17/2013,Bahrain,1450.0,-6
3786,3/17/2013,Thailand,1349.0,-4
3787,3/17/2013,Lebanon,1327.0,6
3788,3/17/2013,Tajikistan,1253.0,6
3789,3/17/2013,Malaysia,1182.0,-8
3790,3/17/2013,Kyrgyzstan,1121.0,1
3791,3/17/2013,Pakistan,930.0,-6
3792,3/17/2013,Macao,630.0,-1
3793,9/10/2013,Spain,2120.0,-6
3794,9/10/2013,Brazil,2119.0,7
3795,9/10/2013,Germany,2050.0,1
3796,9/10/2013,Argentina,2037.0,17
3797,9/10/2013,Netherlands,1991.0,0
3798,9/10/2013,England,1952.0,-3
3799,9/10/2013,Italy,1932.0,6
3800,9/10/2013,Uruguay,1915.0,24
3801,9/10/2013,Portugal,1911.0,-7
3802,9/10/2013,Colombia,1902.0,-24
3803,9/10/2013,Sweden,1880.0,4
3804,9/10/2013,Chile,1877.0,6
3805,9/10/2013,Croatia,1872.0,8
3806,9/10/2013,France,1865.0,18
3807,9/10/2013,United States,1854.0,18
3808,9/10/2013,Russia,1853.0,9
3809,9/10/2013,Switzerland,1847.0,29
3810,9/10/2013,Ecuador,1828.0,-7
3811,9/10/2013,Greece,1820.0,3
3812,9/10/2013,Ukraine,1810.0,3
3813,9/10/2013,Bosnia and Herzegovina,1779.0,18
3814,9/10/2013,Mexico,1769.0,-18
3815,9/10/2013,Japan,1767.0,9
3816,9/10/2013,Costa Rica,1743.0,-6
3817,9/10/2013,Denmark,1734.0,17
3818,9/10/2013,Panama,1729.0,2
3819,9/10/2013,Czechia,1728.0,-6
3820,9/10/2013,Serbia,1728.0,35
3821,9/10/2013,Peru,1727.0,-17
3822,9/10/2013,Romania,1724.0,-47
3823,9/10/2013,Nigeria,1720.0,7
3824,9/10/2013,Paraguay,1712.0,-17
3825,9/10/2013,Venezuela,1710.0,17
3826,9/10/2013,Ireland,1709.0,-20
3827,9/10/2013,Turkey,1702.0,47
3828,9/10/2013,Hungary,1688.0,12
3829,9/10/2013,Ghana,1688.0,-9
3830,9/10/2013,Bulgaria,1686.0,5
3831,9/10/2013,Finland,1683.0,17
3832,9/10/2013,Norway,1682.0,-29
3833,9/10/2013,South Korea,1678.0,-8
3834,9/10/2013,Honduras,1668.0,-2
3835,9/10/2013,Egypt,1659.0,13
3836,9/10/2013,Poland,1656.0,2
3837,9/10/2013,Scotland,1646.0,22
3838,9/10/2013,Austria,1646.0,20
3839,9/10/2013,Israel,1640.0,-9
3840,9/10/2013,Slovenia,1632.0,22
3841,9/10/2013,Uzbekistan,1631.0,-9
3842,9/10/2013,Bolivia,1615.0,7
3843,9/10/2013,China,1613.0,1
3844,9/10/2013,Slovakia,1600.0,-18
3845,9/10/2013,Algeria,1586.0,15
3846,9/10/2013,Belarus,1584.0,-18
3847,9/10/2013,Jordan,1572.0,9
3848,9/10/2013,Mali,1562.0,-15
3849,9/10/2013,Burkina Faso,1558.0,-7
3850,9/10/2013,Wales,1554.0,-35
3851,9/10/2013,South Africa,1549.0,-17
3852,9/10/2013,Jamaica,1545.0,6
3853,9/10/2013,Armenia,1540.0,-17
3854,9/10/2013,Macedonia,1538.0,-22
3855,9/10/2013,Albania,1526.0,-17
3856,9/10/2013,Iceland,1515.0,17
3857,9/10/2013,Guinea,1510.0,-13
3858,9/10/2013,Canada,1501.0,-18
3859,9/10/2013,Georgia,1495.0,-17
3860,9/10/2013,Latvia,1482.0,-3
3861,9/10/2013,Estonia,1476.0,-12
3862,9/10/2013,Lithuania,1440.0,8
3863,9/10/2013,Northern Ireland,1419.0,-28
3864,9/10/2013,Cyprus,1399.0,-22
3865,9/10/2013,Kazakhstan,1365.0,-4
3866,9/10/2013,Zimbabwe,1353.0,17
3867,9/10/2013,Malta,1255.0,-5
3868,9/10/2013,Singapore,1254.0,-9
3869,9/10/2013,Luxembourg,1218.0,28
3870,9/10/2013,Hong Kong,1200.0,9
3871,9/10/2013,Faroe Islands,1192.0,-1
3872,9/10/2013,Liechtenstein,1192.0,-8
3873,9/10/2013,Malaysia,1182.0,-1
3874,9/10/2013,Mauritania,1171.0,18
3875,9/10/2013,Andorra,997.0,0
3876,9/10/2013,San Marino,881.0,-2
3877,11/1/2013,Indonesia,1251.0,9
3878,11/1/2013,Kyrgyzstan,1126.0,-9
3879,11/19/2013,Brazil,2132.0,5
3880,11/19/2013,Spain,2103.0,-19
3881,11/19/2013,Germany,2086.0,9
3882,11/19/2013,Netherlands,2003.0,-5
3883,11/19/2013,England,1933.0,-9
3884,11/19/2013,Colombia,1933.0,5
3885,11/19/2013,Portugal,1931.0,22
3886,11/19/2013,Chile,1913.0,-5
3887,11/19/2013,France,1881.0,24
3888,11/19/2013,United States,1861.0,-13
3889,11/19/2013,Russia,1845.0,6
3890,11/19/2013,Greece,1840.0,-1
3891,11/19/2013,Ecuador,1836.0,-4
3892,11/19/2013,Belgium,1835.0,-15
3893,11/19/2013,Sweden,1826.0,-22
3894,11/19/2013,Ukraine,1822.0,-24
3895,11/19/2013,Croatia,1806.0,7
3896,11/19/2013,Japan,1765.0,15
3897,11/19/2013,Costa Rica,1734.0,-8
3898,11/19/2013,Iran,1733.0,16
3899,11/19/2013,Australia,1729.0,8
3900,11/19/2013,Romania,1718.0,1
3901,11/19/2013,Ireland,1712.0,0
3902,11/19/2013,Turkey,1712.0,4
3903,11/19/2013,Scotland,1698.0,11
3904,11/19/2013,Ghana,1697.0,-18
3905,11/19/2013,South Korea,1687.0,-6
3906,11/19/2013,Honduras,1685.0,4
3907,11/19/2013,Egypt,1669.0,18
3908,11/19/2013,Austria,1662.0,13
3909,11/19/2013,Slovenia,1660.0,4
3910,11/19/2013,Uzbekistan,1652.0,7
3911,11/19/2013,United Arab Emirates,1651.0,4
3912,11/19/2013,Norway,1625.0,-11
3913,11/19/2013,Poland,1622.0,0
3914,11/19/2013,Slovakia,1605.0,-9
3915,11/19/2013,China,1593.0,-10
3916,11/19/2013,Belarus,1589.0,-4
3917,11/19/2013,Algeria,1583.0,14
3918,11/19/2013,South Africa,1574.0,19
3919,11/19/2013,Oman,1574.0,16
3920,11/19/2013,Kuwait,1573.0,8
3921,11/19/2013,Burkina Faso,1546.0,-14
3922,11/19/2013,Iceland,1541.0,-7
3923,11/19/2013,Saudi Arabia,1524.0,10
3924,11/19/2013,Iraq,1521.0,17
3925,11/19/2013,Jamaica,1517.0,-12
3926,11/19/2013,Trinidad and Tobago,1504.0,12
3927,11/19/2013,Canada,1486.0,-4
3928,11/19/2013,Syria,1469.0,-16
3929,11/19/2013,Qatar,1468.0,11
3930,11/19/2013,Estonia,1467.0,10
3931,11/19/2013,Bahrain,1459.0,6
3932,11/19/2013,Azerbaijan,1440.0,-6
3933,11/19/2013,Lebanon,1384.0,-16
3934,11/19/2013,Mozambique,1366.0,1
3935,11/19/2013,Zimbabwe,1356.0,3
3936,11/19/2013,Tanzania,1353.0,-3
3937,11/19/2013,Thailand,1341.0,-8
3938,11/19/2013,Namibia,1289.0,-1
3939,11/19/2013,Malta,1251.0,6
3940,11/19/2013,Indonesia,1231.0,-17
3941,11/19/2013,Vietnam,1218.0,-4
3942,11/19/2013,Faroe Islands,1182.0,-6
3943,11/19/2013,Hong Kong,1180.0,-7
3944,11/19/2013,Liechtenstein,1180.0,-10
3945,11/19/2013,Malaysia,1172.0,-11
3946,11/19/2013,Yemen,1172.0,-6
3947,11/19/2013,Gibraltar,1152.0,9
3948,11/19/2013,Kyrgyzstan,1132.0,6
3949,11/19/2013,India,1084.0,5
3950,11/19/2013,Nepal,910.0,-5
3951,2/4/2014,Jordan,1599.0,13
3952,2/4/2014,Singapore,1251.0,-13
3953,5/27/2014,France,1901.0,4
3954,5/27/2014,United States,1847.0,2
3955,5/27/2014,Japan,1770.0,1
3956,5/27/2014,United Arab Emirates,1645.0,-12
3957,5/27/2014,Uzbekistan,1631.0,-15
3958,5/27/2014,Norway,1614.0,-4
3959,5/27/2014,Armenia,1589.0,12
3960,5/27/2014,Oman,1580.0,15
3961,5/27/2014,Canada,1489.0,-1
3962,5/27/2014,Azerbaijan,1442.0,-2
3963,5/27/2014,Cyprus,1385.0,-1
3964,5/27/2014,Tanzania,1372.0,6
3965,5/27/2014,Palestine,1339.0,13
3966,5/27/2014,Malawi,1324.0,-6
3967,5/27/2014,Philippines,1254.0,18
3968,5/27/2014,Suriname,1243.0,7
3969,5/27/2014,French Guiana,1224.0,-7
3970,5/27/2014,Afghanistan,1095.0,-13
3971,5/27/2014,Maldives,1076.0,-18
3972,5/27/2014,Moldova,,1
3973,7/20/2014,Benin,1414.0,9
3974,7/20/2014,Congo,1410.0,20
3975,7/20/2014,Kenya,1390.0,-25
3976,7/20/2014,Tanzania,1357.0,-6
3977,7/20/2014,Mozambique,1354.0,6
3978,7/20/2014,Rwanda,1349.0,-20
3979,7/20/2014,Malawi,1290.0,-9
3980,7/20/2014,Lesotho,1252.0,25
3981,9/6/2014,Chile,1977.0,-3
3982,9/6/2014,Mexico,1885.0,3
3983,9/6/2014,Ecuador,1845.0,8
3984,9/6/2014,Ivory Coast,1758.0,2
3985,9/6/2014,Nigeria,1692.0,-37
3986,9/6/2014,Algeria,1683.0,10
3987,9/6/2014,Ghana,1681.0,-15
3988,9/6/2014,Bolivia,1612.0,-8
3989,9/6/2014,Cameroon,1593.0,29
3990,9/6/2014,Burkina Faso,1540.0,6
3991,9/6/2014,Tunisia,1533.0,7
3992,9/6/2014,Cape Verde,1524.0,22
3993,9/6/2014,Gabon,1492.0,14
3994,9/6/2014,Trinidad and Tobago,1490.0,-6
3995,9/6/2014,Uganda,1482.0,15
3996,9/6/2014,Zambia,1479.0,-11
3997,9/6/2014,Angola,1452.0,-14
3998,9/6/2014,Congo,1422.0,37
3999,9/6/2014,Democratic Republic of Congo,1418.0,-29
4000,9/6/2014,Mozambique,1380.0,11
4001,9/6/2014,Guadeloupe,1377.0,6
4002,9/6/2014,Ethiopia,1365.0,-10
4003,9/6/2014,Sierra Leone,1361.0,-2
4004,9/6/2014,Botswana,1335.0,-7
4005,9/6/2014,Palestine,1312.0,4
4006,9/6/2014,Niger,1286.0,-22
4007,9/6/2014,Lesotho,1258.0,-6
4008,9/6/2014,Vietnam,1251.0,8
4009,9/6/2014,Singapore,1249.0,3
4010,9/6/2014,Philippines,1217.0,-25
4011,9/6/2014,Hong Kong,1153.0,-8
4012,9/6/2014,Myanmar,1076.0,25
4013,9/6/2014,Papua New Guinea,1058.0,-3
4014,9/6/2014,Taiwan,840.0,-4
4015,10/15/2014,Algeria,1706.0,4
4016,10/15/2014,Ghana,1697.0,12
4017,10/15/2014,Ivory Coast,1691.0,-36
4018,10/15/2014,Nigeria,1666.0,6
4019,10/15/2014,Egypt,1642.0,5
4020,10/15/2014,Cameroon,1625.0,7
4021,10/15/2014,South Africa,1613.0,-14
4022,10/15/2014,Senegal,1604.0,-17
4023,10/15/2014,Tunisia,1590.0,17
4024,10/15/2014,Mali,1546.0,-35
4025,10/15/2014,Burkina Faso,1540.0,-7
4026,10/15/2014,Guinea,1523.0,-12
4027,10/15/2014,Gabon,1521.0,7
4028,10/15/2014,Cape Verde,1510.0,10
4029,10/15/2014,Togo,1489.0,15
4030,10/15/2014,Zambia,1476.0,13
4031,10/15/2014,Uganda,1466.0,-15
4032,10/15/2014,Democratic Republic of Congo,1461.0,36
4033,10/15/2014,Congo,1428.0,14
4034,10/15/2014,Angola,1428.0,15
4035,10/15/2014,Mozambique,1396.0,-10
4036,10/15/2014,Ethiopia,1361.0,35
4037,10/15/2014,Sudan,1360.0,-6
4038,10/15/2014,Sierra Leone,1353.0,-7
4039,10/15/2014,Malawi,1308.0,-4
4040,10/15/2014,Botswana,1300.0,-5
4041,10/15/2014,Niger,1287.0,-13
4042,10/15/2014,Lesotho,1253.0,-15
4043,11/13/2014,Uruguay,1892.0,-6
4044,11/13/2014,Costa Rica,1866.0,6
4045,11/13/2014,Qatar,1577.0,-1
4046,11/13/2014,North Korea,1550.0,4
4047,11/13/2014,Morocco,1543.0,7
4048,11/13/2014,Trinidad and Tobago,1524.0,12
4049,11/13/2014,Bahrain,1477.0,-14
4050,11/13/2014,Saudi Arabia,1459.0,1
4051,11/13/2014,Cuba,1408.0,6
4052,11/13/2014,Benin,1370.0,-7
4053,11/13/2014,French Guiana,1250.0,-12
4054,11/13/2014,Singapore,1224.0,2
4055,11/13/2014,Yemen,1193.0,14
4056,11/13/2014,Hong Kong,1164.0,-4
4057,11/13/2014,Curaçao,1087.0,-6
4058,11/13/2014,Laos,861.0,-2
4059,11/13/2014,Guam,792.0,28
4060,11/13/2014,Taiwan,787.0,-28
4061,4/30/2015,Suriname,1249.0,7
4062,4/30/2015,Guyana,1228.0,-7
4063,5/20/2015,North Korea,1457.0,11
4064,5/20/2015,Thailand,1354.0,-11
4065,5/20/2015,Tanzania,1272.0,-38
4066,5/20/2015,Madagascar,1251.0,38
4067,5/20/2015,Suriname,1234.0,-15
4068,5/20/2015,Swaziland,1199.0,35
4069,5/20/2015,Lesotho,1191.0,-35
4070,5/20/2015,Curaçao,1086.0,15
4071,9/6/2015,Netherlands,1921.0,-51
4072,9/6/2015,Belgium,1912.0,3
4073,9/6/2015,Italy,1874.0,4
4074,9/6/2015,Croatia,1781.0,-38
4075,9/6/2015,Czechia,1771.0,10
4076,9/6/2015,Turkey,1755.0,51
4077,9/6/2015,Bosnia and Herzegovina,1720.0,1
4078,9/6/2015,Ivory Coast,1715.0,-17
4079,9/6/2015,Iceland,1714.0,-18
4080,9/6/2015,Wales,1698.0,-10
4081,9/6/2015,Algeria,1682.0,6
4082,9/6/2015,Norway,1666.0,38
4083,9/6/2015,Cameroon,1626.0,11
4084,9/6/2015,Egypt,1623.0,14
4085,9/6/2015,Israel,1618.0,10
4086,9/6/2015,Bulgaria,1583.0,-4
4087,9/6/2015,Cape Verde,1554.0,16
4088,9/6/2015,Mali,1539.0,-4
4089,9/6/2015,Zambia,1527.0,19
4090,9/6/2015,Guinea,1498.0,-3
4091,9/6/2015,Latvia,1471.0,-10
4092,9/6/2015,Libya,1457.0,-16
4093,9/6/2015,Democratic Republic of Congo,1452.0,-44
4094,9/6/2015,Angola,1437.0,-5
4095,9/6/2015,Azerbaijan,1432.0,-6
4096,9/6/2015,Cyprus,1397.0,-3
4097,9/6/2015,Benin,1381.0,4
4098,9/6/2015,Malawi,1372.0,-2
4099,9/6/2015,Kenya,1370.0,-19
4100,9/6/2015,Kazakhstan,1358.0,18
4101,9/6/2015,Zimbabwe,1356.0,3
4102,9/6/2015,Gambia,1344.0,-11
4103,9/6/2015,Sierra Leone,1336.0,17
4104,9/6/2015,Mozambique,1312.0,-30
4105,9/6/2015,Central African Republic,1265.0,44
4106,9/6/2015,Madagascar,1252.0,5
4107,9/6/2015,Malta,1242.0,6
4108,9/6/2015,Chad,1242.0,-14
4109,9/6/2015,Swaziland,1239.0,2
4110,9/6/2015,Lesotho,1201.0,-6
4111,9/6/2015,Mauritius,1088.0,30
4112,9/6/2015,Andorra,962.0,-1
4113,10/13/2015,Brazil,2023.0,4
4114,10/13/2015,Chile,2018.0,14
4115,10/13/2015,Argentina,2004.0,-10
4116,10/13/2015,Colombia,1970.0,-37
4117,10/13/2015,Uruguay,1928.0,37
4118,10/13/2015,Belgium,1918.0,5
4119,10/13/2015,Mexico,1892.0,3
4120,10/13/2015,Netherlands,1890.0,-34
4121,10/13/2015,Italy,1887.0,6
4122,10/13/2015,Ecuador,1882.0,7
4123,10/13/2015,Turkey,1805.0,10
4124,10/13/2015,Croatia,1795.0,3
4125,10/13/2015,South Korea,1788.0,6
4126,10/13/2015,Peru,1783.0,-14
4127,10/13/2015,Costa Rica,1768.0,13
4128,10/13/2015,Czechia,1765.0,34
4129,10/13/2015,United States,1759.0,-13
4130,10/13/2015,Bosnia and Herzegovina,1749.0,9
4131,10/13/2015,Japan,1746.0,2
4132,10/13/2015,Paraguay,1729.0,10
4133,10/13/2015,Iran,1726.0,-2
4134,10/13/2015,Iceland,1689.0,-10
4135,10/13/2015,Wales,1679.0,1
4136,10/13/2015,Algeria,1672.0,7
4137,10/13/2015,Panama,1672.0,-3
4138,10/13/2015,Norway,1663.0,-6
4139,10/13/2015,Ghana,1659.0,-4
4140,10/13/2015,Senegal,1650.0,-7
4141,10/13/2015,Venezuela,1640.0,-4
4142,10/13/2015,Bolivia,1609.0,-7
4143,10/13/2015,Trinidad and Tobago,1594.0,-9
4144,10/13/2015,Jamaica,1592.0,-6
4145,10/13/2015,Bulgaria,1584.0,12
4146,10/13/2015,Israel,1578.0,-5
4147,10/13/2015,Qatar,1575.0,2
4148,10/13/2015,Jordan,1561.0,6
4149,10/13/2015,South Africa,1539.0,3
4150,10/13/2015,North Korea,1535.0,2
4151,10/13/2015,Honduras,1529.0,-3
4152,10/13/2015,Oman,1518.0,2
4153,10/13/2015,Syria,1510.0,6
4154,10/13/2015,Canada,1509.0,4
4155,10/13/2015,El Salvador,1482.0,-1
4156,10/13/2015,Kuwait,1467.0,-10
4157,10/13/2015,Congo,1460.0,5
4158,10/13/2015,Latvia,1454.0,-32
4159,10/13/2015,Guatemala,1449.0,1
4160,10/13/2015,Bahrain,1428.0,12
4161,10/13/2015,Cyprus,1423.0,-9
4162,10/13/2015,Azerbaijan,1413.0,-12
4163,10/13/2015,Thailand,1410.0,32
4164,10/13/2015,Lebanon,1389.0,10
4165,10/13/2015,Kazakhstan,1387.0,32
4166,10/13/2015,Benin,1376.0,-5
4167,10/13/2015,Namibia,1369.0,14
4168,10/13/2015,Burundi,1341.0,4
4169,10/13/2015,Liberia,1334.0,32
4170,10/13/2015,Sierra Leone,1333.0,17
4171,10/13/2015,Gambia,1325.0,-14
4172,10/13/2015,Botswana,1309.0,8
4173,10/13/2015,Niger,1284.0,4
4174,10/13/2015,Philippines,1271.0,-12
4175,10/13/2015,Madagascar,1270.0,-8
4176,10/13/2015,Mauritania,1261.0,14
4177,10/13/2015,Turkmenistan,1251.0,3
4178,10/13/2015,Central African Republic,1247.0,8
4179,10/13/2015,Chad,1245.0,-17
4180,10/13/2015,Malta,1236.0,-3
4181,10/13/2015,Tajikistan,1225.0,-6
4182,10/13/2015,Vietnam,1216.0,-32
4183,10/13/2015,Nicaragua,1214.0,9
4184,10/13/2015,Singapore,1201.0,1
4185,10/13/2015,Guinea-Bissau,1199.0,-32
4186,10/13/2015,Hong Kong,1186.0,2
4187,10/13/2015,Lesotho,1174.0,-16
4188,10/13/2015,Yemen,1157.0,-2
4189,10/13/2015,Kyrgyzstan,1150.0,9
4190,10/13/2015,Malaysia,1149.0,6
4191,10/13/2015,South Sudan,1077.0,-14
4192,10/13/2015,Afghanistan,1076.0,-6
4193,10/13/2015,Eritrea,1075.0,-8
4194,10/13/2015,Myanmar,1045.0,15
4195,10/13/2015,India,1028.0,-2
4196,10/13/2015,Maldives,1027.0,-2
4197,10/13/2015,Andorra,960.0,-1
4198,10/13/2015,Seychelles,954.0,-4
4199,10/13/2015,Bangladesh,929.0,-9
4200,10/13/2015,Comoros,924.0,16
4201,10/13/2015,Guam,892.0,-3
4202,10/13/2015,Somalia,857.0,-4
4203,10/13/2015,Laos,817.0,-15
4204,10/13/2015,East Timor,734.0,-6
4205,10/13/2015,Cambodia,731.0,-1
4206,10/13/2015,Bhutan,572.0,-2
4207,11/13/2015,Germany,2068.0,-17
4208,11/13/2015,Brazil,2028.0,5
4209,11/13/2015,Spain,2002.0,9
4210,11/13/2015,Argentina,1999.0,-5
4211,11/13/2015,France,1966.0,17
4212,11/13/2015,England,1947.0,-9
4213,11/13/2015,Belgium,1928.0,10
4214,11/13/2015,Netherlands,1897.0,7
4215,11/13/2015,Mexico,1896.0,4
4216,11/13/2015,Italy,1877.0,-10
4217,11/13/2015,Turkey,1811.0,6
4218,11/13/2015,Switzerland,1795.0,-9
4219,11/13/2015,Peru,1795.0,12
4220,11/13/2015,Czechia,1776.0,11
4221,11/13/2015,Costa Rica,1772.0,4
4222,11/13/2015,United States,1761.0,2
4223,11/13/2015,Poland,1761.0,8
4224,11/13/2015,Ireland,1749.0,6
4225,11/13/2015,Bosnia and Herzegovina,1743.0,-6
4226,11/13/2015,Slovakia,1734.0,9
4227,11/13/2015,Ivory Coast,1729.0,6
4228,11/13/2015,Paraguay,1717.0,-12
4229,11/13/2015,Serbia,1715.0,-11
4230,11/13/2015,Panama,1704.0,32
4231,11/13/2015,Iceland,1681.0,-8
4232,11/13/2015,Wales,1672.0,-7
4233,11/13/2015,Ghana,1640.0,-19
4234,11/13/2015,Senegal,1637.0,-13
4235,11/13/2015,Nigeria,1630.0,-14
4236,11/13/2015,Cameroon,1624.0,15
4237,11/13/2015,Albania,1614.0,-4
4238,11/13/2015,Trinidad and Tobago,1611.0,17
4239,11/13/2015,Greece,1603.0,-17
4240,11/13/2015,Northern Ireland,1594.0,4
4241,11/13/2015,South Africa,1571.0,32
4242,11/13/2015,Qatar,1569.0,-6
4243,11/13/2015,Jamaica,1560.0,-32
4244,11/13/2015,Tunisia,1542.0,11
4245,11/13/2015,Cape Verde,1529.0,-25
4246,11/13/2015,Canada,1524.0,15
4247,11/13/2015,Honduras,1514.0,-15
4248,11/13/2015,Haiti,1497.0,-4
4249,11/13/2015,El Salvador,1478.0,-4
4250,11/13/2015,Libya,1474.0,17
4251,11/13/2015,Latvia,1450.0,-4
4252,11/13/2015,Guatemala,1432.0,-17
4253,11/13/2015,Angola,1427.0,-32
4254,11/13/2015,Kenya,1396.0,25
4255,11/13/2015,Kosovo,1391.0,4
4256,11/13/2015,Rwanda,1379.0,-17
4257,11/13/2015,Liberia,1328.0,-6
4258,11/13/2015,Madagascar,1283.0,13
4259,11/13/2015,Niger,1269.0,-15
4260,11/13/2015,Swaziland,1264.0,14
4261,11/13/2015,Luxembourg,1255.0,17
4262,11/13/2015,Mauritania,1250.0,-11
4263,11/13/2015,Saint Vincent and the Grenadines,1181.0,-2
4264,11/13/2015,Comoros,943.0,19
4265,3/23/2016,Croatia,1818.0,4
4266,3/23/2016,Poland,1778.0,6
4267,3/23/2016,Romania,1765.0,1
4268,3/23/2016,Serbia,1709.0,-6
4269,3/23/2016,Slovenia,1622.0,3
4270,3/23/2016,Israel,1574.0,-4
4271,3/23/2016,Zambia,1498.0,-7
4272,3/23/2016,Congo,1491.0,7
4273,3/23/2016,Libya,1462.0,-34
4274,3/23/2016,Martinique,1444.0,0
4275,3/23/2016,Macedonia,1436.0,-3
4276,3/23/2016,Lithuania,1425.0,-1
4277,3/23/2016,Benin,1386.0,13
4278,3/23/2016,Kenya,1352.0,-24
4279,3/23/2016,Tanzania,1336.0,23
4280,3/23/2016,Guadeloupe,1306.0,-12
4281,3/23/2016,Chad,1250.0,-23
4282,3/23/2016,Antigua and Barbuda,1246.0,3
4283,3/23/2016,Guinea-Bissau,1223.0,24
4284,3/23/2016,Liechtenstein,1202.0,0
4285,3/23/2016,Suriname,1188.0,12
4286,3/23/2016,Barbados,1156.0,13
4287,3/23/2016,South Sudan,1142.0,-13
4288,3/23/2016,Gibraltar,1119.0,0
4289,3/23/2016,Sao Tome and Principe,1116.0,34
4290,3/23/2016,Curaçao,1107.0,-13
4291,3/23/2016,Aruba,929.0,-3
4292,3/23/2016,British Virgin Islands,623.0,0
4293,3/29/2016,Germany,2059.0,6
4294,3/29/2016,Argentina,2049.0,3
4295,3/29/2016,Brazil,2017.0,-10
4296,3/29/2016,Colombia,1979.0,17
4297,3/29/2016,France,1970.0,5
4298,3/29/2016,Chile,1967.0,15
4299,3/29/2016,Uruguay,1963.0,7
4300,3/29/2016,England,1959.0,-15
4301,3/29/2016,Mexico,1921.0,3
4302,3/29/2016,Belgium,1920.0,-8
4303,3/29/2016,Portugal,1909.0,8
4304,3/29/2016,Netherlands,1901.0,15
4305,3/29/2016,Ecuador,1884.0,-17
4306,3/29/2016,Italy,1866.0,-6
4307,3/29/2016,Turkey,1823.0,13
4308,3/29/2016,Austria,1791.0,-13
4309,3/29/2016,Costa Rica,1786.0,11
4310,3/29/2016,Switzerland,1778.0,-22
4311,3/29/2016,Ireland,1774.0,-4
4312,3/29/2016,Russia,1770.0,-5
4313,3/29/2016,Peru,1766.0,-7
4314,3/29/2016,Japan,1763.0,11
4315,3/29/2016,Sweden,1760.0,-3
4316,3/29/2016,Czechia,1754.0,3
4317,3/29/2016,Paraguay,1751.0,10
4318,3/29/2016,Bosnia and Herzegovina,1748.0,22
4319,3/29/2016,Slovakia,1739.0,4
4320,3/29/2016,Iran,1737.0,7
4321,3/29/2016,United States,1732.0,11
4322,3/29/2016,Denmark,1725.0,-8
4323,3/29/2016,Australia,1721.0,14
4324,3/29/2016,Scotland,1720.0,8
4325,3/29/2016,Ivory Coast,1720.0,-15
4326,3/29/2016,Serbia,1716.0,7
4327,3/29/2016,Panama,1675.0,7
4328,3/29/2016,Iceland,1672.0,12
4329,3/29/2016,Uzbekistan,1664.0,5
4330,3/29/2016,Algeria,1654.0,-14
4331,3/29/2016,Senegal,1653.0,7
4332,3/29/2016,Norway,1633.0,9
4333,3/29/2016,United Arab Emirates,1632.0,-11
4334,3/29/2016,Egypt,1623.0,15
4335,3/29/2016,Bulgaria,1614.0,12
4336,3/29/2016,Bolivia,1612.0,-3
4337,3/29/2016,Nigeria,1612.0,-15
4338,3/29/2016,Venezuela,1611.0,-15
4339,3/29/2016,Albania,1611.0,6
4340,3/29/2016,Cameroon,1605.0,5
4341,3/29/2016,Greece,1604.0,-12
4342,3/29/2016,Trinidad and Tobago,1587.0,4
4343,3/29/2016,South Africa,1581.0,-5
4344,3/29/2016,Belarus,1579.0,2
4345,3/29/2016,Jamaica,1577.0,-11
4346,3/29/2016,China,1574.0,23
4347,3/29/2016,Morocco,1572.0,19
4348,3/29/2016,Finland,1570.0,-9
4349,3/29/2016,Montenegro,1558.0,-2
4350,3/29/2016,Tunisia,1550.0,-4
4351,3/29/2016,Guinea,1550.0,14
4352,3/29/2016,Qatar,1550.0,-23
4353,3/29/2016,Democratic Republic of Congo,1543.0,30
4354,3/29/2016,Jordan,1533.0,-14
4355,3/29/2016,Saudi Arabia,1528.0,11
4356,3/29/2016,Honduras,1526.0,18
4357,3/29/2016,Syria,1519.0,-11
4358,3/29/2016,Canada,1509.0,-3
4359,3/29/2016,Guatemala,1508.0,-11
4360,3/29/2016,Iraq,1505.0,7
4361,3/29/2016,North Korea,1505.0,-30
4362,3/29/2016,Haiti,1500.0,-7
4363,3/29/2016,Uganda,1500.0,-9
4364,3/29/2016,Cape Verde,1496.0,-19
4365,3/29/2016,Estonia,1493.0,-7
4366,3/29/2016,Georgia,1474.0,-5
4367,3/29/2016,Oman,1470.0,-7
4368,3/29/2016,Latvia,1466.0,8
4369,3/29/2016,Burkina Faso,1456.0,9
4370,3/29/2016,Martinique,1451.0,7
4371,3/29/2016,El Salvador,1441.0,-18
4372,3/29/2016,Bahrain,1427.0,-5
4373,3/29/2016,Macedonia,1424.0,-12
4374,3/29/2016,Kazakhstan,1403.0,5
4375,3/29/2016,Togo,1395.0,4
4376,3/29/2016,Angola,1379.0,-30
4377,3/29/2016,Lebanon,1370.0,-17
4378,3/29/2016,Burundi,1350.0,43
4379,3/29/2016,Palestine,1349.0,1
4380,3/29/2016,Namibia,1330.0,-43
4381,3/29/2016,Liberia,1329.0,2
4382,3/29/2016,Rwanda,1321.0,12
4383,3/29/2016,Malawi,1311.0,-14
4384,3/29/2016,Cuba,1310.0,-33
4385,3/29/2016,French Guiana,1300.0,33
4386,3/29/2016,Sudan,1299.0,15
4387,3/29/2016,Gambia,1298.0,-8
4388,3/29/2016,Turkmenistan,1291.0,15
4389,3/29/2016,Guadeloupe,1285.0,-21
4390,3/29/2016,Ethiopia,1279.0,14
4391,3/29/2016,Niger,1275.0,-7
4392,3/29/2016,Mauritania,1273.0,8
4393,3/29/2016,Saint Kitts and Nevis,1271.0,14
4394,3/29/2016,Philippines,1268.0,30
4395,3/29/2016,Guyana,1250.0,16
4396,3/29/2016,Luxembourg,1244.0,-6
4397,3/29/2016,Antigua and Barbuda,1232.0,-14
4398,3/29/2016,Vietnam,1212.0,-7
4399,3/29/2016,Kyrgyzstan,1210.0,28
4400,3/29/2016,Suriname,1209.0,21
4401,3/29/2016,Tajikistan,1201.0,-28
4402,3/29/2016,Dominican Republic,1168.0,22
4403,3/29/2016,Singapore,1167.0,-24
4404,3/29/2016,Afghanistan,1151.0,24
4405,3/29/2016,Grenada,1148.0,6
4406,3/29/2016,Lesotho,1142.0,8
4407,3/29/2016,Saint Vincent and the Grenadines,1140.0,-4
4408,3/29/2016,Barbados,1134.0,-22
4409,3/29/2016,Malaysia,1111.0,-9
4410,3/29/2016,Gibraltar,1111.0,-8
4411,3/29/2016,Mauritius,1103.0,-12
4412,3/29/2016,India,1069.0,-15
4413,3/29/2016,Puerto Rico,1053.0,-16
4414,3/29/2016,Myanmar,1049.0,17
4415,3/29/2016,Seychelles,986.0,-8
4416,3/29/2016,Dominica,968.0,-7
4417,3/29/2016,Maldives,967.0,3
4418,3/29/2016,Djibouti,752.0,-2
4419,3/29/2016,US Virgin Islands,734.0,-6
4420,3/29/2016,East Timor,731.0,-1
4421,3/29/2016,Macao,623.0,9
4422,3/29/2016,Bhutan,552.0,-3
4423,5/28/2016,Belgium,1929.0,9
4424,5/28/2016,Mexico,1926.0,5
4425,5/28/2016,Peru,1776.0,4
4426,5/28/2016,Switzerland,1769.0,-9
4427,5/28/2016,United States,1752.0,8
4428,5/28/2016,Paraguay,1746.0,-5
4429,5/28/2016,Senegal,1659.0,6
4430,5/28/2016,Bolivia,1604.0,-8
4431,5/28/2016,New Zealand,1535.0,14
4432,5/28/2016,Armenia,1507.0,23
4433,5/28/2016,Guatemala,1485.0,-23
4434,5/28/2016,Gabon,1449.0,-23
4435,5/28/2016,El Salvador,1437.0,-4
4436,5/28/2016,Rwanda,1315.0,-6
4437,5/28/2016,Mauritania,1296.0,23
4438,5/28/2016,Fiji,1253.0,-14
4439,5/28/2016,Solomon Islands,1190.0,27
4440,5/28/2016,Vanuatu,1165.0,-27
4441,5/28/2016,Malaysia,1112.0,1
4442,5/28/2016,Myanmar,1048.0,-1
4443,6/13/2016,Spain,2002.0,10
4444,6/13/2016,Mexico,1967.0,-18
4445,6/13/2016,Italy,1918.0,43
4446,6/13/2016,Uruguay,1894.0,12
4447,6/13/2016,Belgium,1879.0,-43
4448,6/13/2016,Sweden,1763.0,0
4449,6/13/2016,Ireland,1758.0,0
4450,6/13/2016,Czechia,1744.0,-10
4451,6/13/2016,Venezuela,1693.0,18
4452,6/13/2016,Jamaica,1553.0,-12
4453,6/13/2016,Zimbabwe,1393.0,-8
4454,6/13/2016,Swaziland,1304.0,10
4455,6/13/2016,Madagascar,1252.0,8
4456,6/13/2016,Seychelles,966.0,-10
4457,9/6/2016,Argentina,2100.0,-15
4458,9/6/2016,Brazil,2022.0,12
4459,9/6/2016,Chile,1991.0,-18
4460,9/6/2016,France,1987.0,-14
4461,9/6/2016,Colombia,1946.0,-12
4462,9/6/2016,Portugal,1924.0,-35
4463,9/6/2016,Uruguay,1904.0,16
4464,9/6/2016,Netherlands,1902.0,-4
4465,9/6/2016,Mexico,1895.0,-18
4466,9/6/2016,Belgium,1881.0,8
4467,9/6/2016,Switzerland,1837.0,35
4468,9/6/2016,Peru,1813.0,16
4469,9/6/2016,Ecuador,1811.0,-16
4470,9/6/2016,Costa Rica,1808.0,13
4471,9/6/2016,South Korea,1789.0,-14
4472,9/6/2016,United States,1778.0,11
4473,9/6/2016,Bosnia and Herzegovina,1769.0,7
4474,9/6/2016,Iran,1750.0,-5
4475,9/6/2016,Paraguay,1739.0,-16
4476,9/6/2016,Sweden,1738.0,4
4477,9/6/2016,Japan,1734.0,14
4478,9/6/2016,Australia,1734.0,19
4479,9/6/2016,Hungary,1707.0,-16
4480,9/6/2016,Russia,1704.0,5
4481,9/6/2016,Venezuela,1694.0,15
4482,9/6/2016,Uzbekistan,1684.0,19
4483,9/6/2016,Panama,1664.0,-13
4484,9/6/2016,Greece,1637.0,3
4485,9/6/2016,Albania,1635.0,6
4486,9/6/2016,Bolivia,1634.0,18
4487,9/6/2016,Cameroon,1622.0,4
4488,9/6/2016,Egypt,1619.0,-13
4489,9/6/2016,Ghana,1618.0,-5
4490,9/6/2016,Belarus,1613.0,14
4491,9/6/2016,South Africa,1601.0,13
4492,9/6/2016,Bulgaria,1587.0,3
4493,9/6/2016,United Arab Emirates,1581.0,-19
4494,9/6/2016,China,1568.0,5
4495,9/6/2016,Honduras,1559.0,18
4496,9/6/2016,Saudi Arabia,1556.0,17
4497,9/6/2016,Trinidad and Tobago,1548.0,-11
4498,9/6/2016,Qatar,1533.0,-19
4499,9/6/2016,Canada,1521.0,15
4500,9/6/2016,Syria,1517.0,14
4501,9/6/2016,Haiti,1511.0,44
4502,9/6/2016,Guatemala,1510.0,5
4503,9/6/2016,Jamaica,1495.0,-44
4504,9/6/2016,Latvia,1487.0,3
4505,9/6/2016,Iraq,1461.0,-17
4506,9/6/2016,Estonia,1453.0,-7
4507,9/6/2016,Gabon,1451.0,-4
4508,9/6/2016,Macedonia,1425.0,-6
4509,9/6/2016,Cyprus,1412.0,-8
4510,9/6/2016,Thailand,1406.0,-14
4511,9/6/2016,El Salvador,1401.0,-15
4512,9/6/2016,Palestine,1343.0,-6
4513,9/6/2016,Philippines,1280.0,12
4514,9/6/2016,Faroe Islands,1248.0,16
4515,9/6/2016,Luxembourg,1232.0,-3
4516,9/6/2016,Tajikistan,1228.0,6
4517,9/6/2016,Indonesia,1220.0,9
4518,9/6/2016,Kyrgyzstan,1217.0,-12
4519,9/6/2016,Malaysia,1123.0,-9
4520,9/6/2016,Gibraltar,1108.0,-3
4521,9/6/2016,Saint Vincent and the Grenadines,1104.0,-5
4522,9/6/2016,Maldives,960.0,14
4523,9/6/2016,Andorra,958.0,-3
4524,9/6/2016,Bangladesh,852.0,-17
4525,9/6/2016,Laos,779.0,-14
4526,9/6/2016,Bhutan,566.0,17
4527,11/19/2016,Estonia,1430.0,-2
4528,11/19/2016,Thailand,1395.0,17
4529,11/19/2016,Saint Kitts and Nevis,1263.0,2
4530,11/19/2016,Philippines,1252.0,-12
4531,11/19/2016,Indonesia,1195.0,-17
4532,11/19/2016,Singapore,1136.0,12
4533,1/15/2017,Chile,1984.0,7
4534,1/15/2017,Costa Rica,1838.0,2
4535,1/15/2017,Iceland,1772.0,-7
4536,1/15/2017,Senegal,1709.0,27
4537,1/15/2017,Panama,1671.0,2
4538,1/15/2017,Algeria,1621.0,-14
4539,1/15/2017,Honduras,1581.0,12
4540,1/15/2017,Tunisia,1560.0,-27
4541,1/15/2017,Zimbabwe,1436.0,14
4542,1/15/2017,El Salvador,1406.0,-12
4543,1/15/2017,Nicaragua,1252.0,-2
4544,1/15/2017,Belize,1199.0,-2
4545,3/23/2017,Brazil,2118.0,27
4546,3/23/2017,Argentina,2055.0,11
4547,3/23/2017,Chile,1973.0,-11
4548,3/23/2017,Colombia,1929.0,4
4549,3/23/2017,Uruguay,1887.0,-27
4550,3/23/2017,Ecuador,1831.0,-23
4551,3/23/2017,Peru,1830.0,-3
4552,3/23/2017,Japan,1778.0,24
4553,3/23/2017,Iran,1772.0,14
4554,3/23/2017,South Korea,1762.0,-29
4555,3/23/2017,Paraguay,1724.0,23
4556,3/23/2017,Senegal,1705.0,-1
4557,3/23/2017,Australia,1701.0,-11
4558,3/23/2017,Venezuela,1686.0,3
4559,3/23/2017,Nigeria,1667.0,1
4560,3/23/2017,Uzbekistan,1638.0,-26
4561,3/23/2017,Bolivia,1628.0,-4
4562,3/23/2017,Saudi Arabia,1610.0,29
4563,3/23/2017,Syria,1573.0,26
4564,3/23/2017,United Arab Emirates,1562.0,-24
4565,3/23/2017,China,1549.0,29
4566,3/23/2017,Qatar,1540.0,-14
4567,3/23/2017,Jordan,1517.0,3
4568,3/23/2017,Iraq,1505.0,11
4569,3/23/2017,Uganda,1455.0,1
4570,3/23/2017,Bahrain,1425.0,-7
4571,3/23/2017,Thailand,1394.0,-29
4572,3/23/2017,Kenya,1383.0,-1
4573,3/23/2017,Tajikistan,1255.0,7
4574,3/23/2017,Tahiti,1250.0,31
4575,3/23/2017,Hong Kong,1196.0,-3
4576,3/23/2017,Afghanistan,1153.0,9
4577,3/23/2017,Singapore,1104.0,-9
4578,3/23/2017,Papua New Guinea,1098.0,-31
4579,6/10/2017,Germany,2040.0,0
4580,6/10/2017,England,1917.0,-8
4581,6/10/2017,Poland,1872.0,10
4582,6/10/2017,Slovakia,1766.0,10
4583,6/10/2017,Denmark,1737.0,12
4584,6/10/2017,Senegal,1702.0,5
4585,6/10/2017,Czechia,1697.0,-2
4586,6/10/2017,Cameroon,1691.0,11
4587,6/10/2017,Scotland,1685.0,8
4588,6/10/2017,Northern Ireland,1681.0,13
4589,6/10/2017,Romania,1667.0,-10
4590,6/10/2017,Ivory Coast,1652.0,-34
4591,6/10/2017,South Africa,1648.0,44
4592,6/10/2017,Slovenia,1642.0,3
4593,6/10/2017,Nigeria,1629.0,-44
4594,6/10/2017,Burkina Faso,1607.0,4
4595,6/10/2017,Morocco,1598.0,-11
4596,6/10/2017,Montenegro,1596.0,20
4597,6/10/2017,Democratic Republic of Congo,1595.0,10
4598,6/10/2017,Norway,1561.0,2
4599,6/10/2017,Guinea,1534.0,34
4600,6/10/2017,Mali,1531.0,11
4601,6/10/2017,Armenia,1500.0,-20
4602,6/10/2017,Lithuania,1447.0,-10
4603,6/10/2017,Gabon,1430.0,-11
4604,6/10/2017,Azerbaijan,1423.0,-13
4605,6/10/2017,Zambia,1414.0,-31
4606,6/10/2017,Congo,1403.0,-10
4607,6/10/2017,Kenya,1380.0,-16
4608,6/10/2017,Sierra Leone,1375.0,16
4609,6/10/2017,Kazakhstan,1368.0,-12
4610,6/10/2017,Mozambique,1363.0,31
4611,6/10/2017,Namibia,1351.0,-20
4612,6/10/2017,Equatorial Guinea,1337.0,-5
4613,6/10/2017,Malawi,1334.0,3
4614,6/10/2017,Mauritania,1330.0,24
4615,6/10/2017,Swaziland,1323.0,4
4616,6/10/2017,Tanzania,1317.0,-10
4617,6/10/2017,Burundi,1311.0,9
4618,6/10/2017,Guinea-Bissau,1288.0,20
4619,6/10/2017,Niger,1287.0,-4
4620,6/10/2017,Botswana,1250.0,-24
4621,6/10/2017,Lesotho,1245.0,10
4622,6/10/2017,Malta,1226.0,-3
4623,6/10/2017,Angola,1217.0,-4
4624,6/10/2017,Bermuda,1212.0,11
4625,6/10/2017,Grenada,1112.0,-11
4626,6/10/2017,Singapore,1081.0,-36
4627,6/10/2017,South Sudan,1064.0,-9
4628,6/10/2017,Comoros,1019.0,-3
4629,6/10/2017,Taiwan,891.0,36
4630,6/10/2017,San Marino,858.0,0
4631,7/1/2017,Mexico,1920.0,5
4632,7/1/2017,United States,1769.0,3
4633,7/1/2017,Paraguay,1707.0,-5
4634,7/1/2017,Ghana,1574.0,-3
4635,7/1/2017,Zambia,1441.0,10
4636,7/1/2017,Namibia,1345.0,-6
4637,7/1/2017,Lesotho,1251.0,6
4638,7/1/2017,Botswana,1240.0,-10
4639,8/23/2017,Qatar,1557.0,2
4640,8/23/2017,Turkmenistan,1252.0,-2
4641,10/10/2017,Brazil,2112.0,9
4642,10/10/2017,Argentina,2004.0,20
4643,10/10/2017,Portugal,2000.0,14
4644,10/10/2017,France,1979.0,1
4645,10/10/2017,Colombia,1932.0,4
4646,10/10/2017,Belgium,1929.0,2
4647,10/10/2017,Peru,1890.0,-4
4648,10/10/2017,Uruguay,1876.0,12
4649,10/10/2017,Netherlands,1872.0,18
4650,10/10/2017,Switzerland,1865.0,-14
4651,10/10/2017,Chile,1859.0,-9
4652,10/10/2017,Mexico,1829.0,-29
4653,10/10/2017,Sweden,1791.0,-18
4654,10/10/2017,Iran,1786.0,0
4655,10/10/2017,Costa Rica,1760.0,-22
4656,10/10/2017,Paraguay,1752.0,-29
4657,10/10/2017,Japan,1751.0,-8
4658,10/10/2017,Venezuela,1747.0,29
4659,10/10/2017,Ecuador,1747.0,-20
4660,10/10/2017,United States,1743.0,-33
4661,10/10/2017,Bosnia and Herzegovina,1724.0,14
4662,10/10/2017,Australia,1713.0,10
4663,10/10/2017,Bolivia,1706.0,-12
4664,10/10/2017,South Korea,1700.0,-19
4665,10/10/2017,Russia,1696.0,0
4666,10/10/2017,Panama,1669.0,22
4667,10/10/2017,Greece,1666.0,1
4668,10/10/2017,Morocco,1652.0,19
4669,10/10/2017,Honduras,1626.0,29
4670,10/10/2017,Ghana,1617.0,24
4671,10/10/2017,Hungary,1614.0,3
4672,10/10/2017,Syria,1612.0,-10
4673,10/10/2017,Bulgaria,1610.0,-11
4674,10/10/2017,Saudi Arabia,1603.0,-24
4675,10/10/2017,Belarus,1509.0,-1
4676,10/10/2017,Estonia,1495.0,-14
4677,10/10/2017,Qatar,1488.0,-18
4678,10/10/2017,Jordan,1484.0,-16
4679,10/10/2017,Haiti,1479.0,8
4680,10/10/2017,Oman,1458.0,5
4681,10/10/2017,North Korea,1442.0,-37
4682,10/10/2017,Lebanon,1440.0,37
4683,10/10/2017,Cape Verde,1438.0,-14
4684,10/10/2017,Trinidad and Tobago,1434.0,33
4685,10/10/2017,Cyprus,1421.0,-2
4686,10/10/2017,Gabon,1420.0,-11
4687,10/10/2017,Benin,1415.0,11
4688,10/10/2017,Palestine,1406.0,1
4689,10/10/2017,Latvia,1375.0,5
4690,10/10/2017,Bahrain,1371.0,-37
4691,10/10/2017,Mozambique,1311.0,14
4692,10/10/2017,Luxembourg,1306.0,11
4693,10/10/2017,Vietnam,1286.0,3
4694,10/10/2017,Faroe Islands,1281.0,-3
4695,10/10/2017,Curaçao,1267.0,18
4696,10/10/2017,Turkmenistan,1255.0,7
4697,10/10/2017,Philippines,1241.0,-1
4698,10/10/2017,Tajikistan,1222.0,6
4699,10/10/2017,Yemen,1221.0,1
4700,10/10/2017,Hong Kong,1219.0,14
4701,10/10/2017,Kyrgyzstan,1206.0,-2
4702,10/10/2017,Afghanistan,1141.0,16
4703,10/10/2017,Malaysia,1081.0,-14
4704,10/10/2017,Myanmar,1080.0,2
4705,10/10/2017,Singapore,1078.0,-7
4706,10/10/2017,Gibraltar,1078.0,-1
4707,10/10/2017,Andorra,1012.0,-5
4708,10/10/2017,Maldives,946.0,-5
4709,10/10/2017,Taiwan,930.0,37
4710,10/10/2017,Nepal,893.0,-6
4711,10/10/2017,Cambodia,821.0,-3
4712,10/10/2017,Bhutan,595.0,-1
4713,12/15/2017,Oman,1462.0,3
4714,12/15/2017,Uganda,1442.0,-28
4715,12/15/2017,Zanzibar,1357.0,28
4716,12/15/2017,Fiji,1253.0,38
4717,12/15/2017,Yemen,1224.0,-3
4718,12/15/2017,Vanuatu,1222.0,15
4719,12/15/2017,New Caledonia,1207.0,-38
4720,12/15/2017,Solomon Islands,1196.0,-15
4721,12/15/2017,Tuvalu,757.0,10
4722,12/15/2017,Tonga,546.0,-10
4723,3/27/2018,Brazil,2130.0,12
4724,3/27/2018,Germany,2091.0,-12
4725,3/27/2018,Spain,2048.0,12
4726,3/27/2018,Argentina,1983.0,-12
4727,3/27/2018,France,1983.0,8
4728,3/27/2018,England,1940.0,-4
4729,3/27/2018,Colombia,1934.0,-6
4730,3/27/2018,Belgium,1929.0,2
4731,3/27/2018,Peru,1906.0,11
4732,3/27/2018,Italy,1897.0,4
4733,3/27/2018,Switzerland,1878.0,6
4734,3/27/2018,Chile,1873.0,2
4735,3/27/2018,Mexico,1858.0,-11
4736,3/27/2018,Croatia,1853.0,11
4737,3/27/2018,Denmark,1841.0,-2
4738,3/27/2018,Poland,1830.0,5
4739,3/27/2018,Iran,1796.0,4
4740,3/27/2018,Sweden,1795.0,-10
4741,3/27/2018,Iceland,1787.0,-11
4742,3/27/2018,Serbia,1770.0,13
4743,3/27/2018,United States,1754.0,7
4744,3/27/2018,South Korea,1746.0,-5
4745,3/27/2018,Paraguay,1745.0,-7
4746,3/27/2018,Costa Rica,1743.0,-13
4747,3/27/2018,Ukraine,1742.0,9
4748,3/27/2018,Senegal,1742.0,0
4749,3/27/2018,Bosnia and Herzegovina,1731.0,0
4750,3/27/2018,Austria,1725.0,6
4751,3/27/2018,Turkey,1719.0,0
4752,3/27/2018,Scotland,1717.0,10
4753,3/27/2018,Australia,1715.0,6
4754,3/27/2018,Morocco,1709.0,8
4755,3/27/2018,Romania,1705.0,10
4756,3/27/2018,Nigeria,1698.0,-13
4757,3/27/2018,Japan,1693.0,-9
4758,3/27/2018,Russia,1684.0,-8
4759,3/27/2018,Greece,1664.0,10
4760,3/27/2018,Panama,1661.0,-6
4761,3/27/2018,Tunisia,1643.0,13
4762,3/27/2018,Egypt,1637.0,-10
4763,3/27/2018,Syria,1611.0,2
4764,3/27/2018,Montenegro,1609.0,0
4765,3/27/2018,Uzbekistan,1608.0,-8
4766,3/27/2018,Slovenia,1606.0,-23
4767,3/27/2018,Ivory Coast,1598.0,4
4768,3/27/2018,Hungary,1583.0,-10
4769,3/27/2018,Burkina Faso,1583.0,-24
4770,3/27/2018,Democratic Republic of Congo,1579.0,-23
4771,3/27/2018,Saudi Arabia,1565.0,-2
4772,3/27/2018,Iraq,1560.0,-2
4773,3/27/2018,Oman,1540.0,9
4774,3/27/2018,Algeria,1534.0,-4
4775,3/27/2018,Belarus,1530.0,23
4776,3/27/2018,Macedonia,1517.0,-4
4777,3/27/2018,Estonia,1503.0,-12
4778,3/27/2018,Georgia,1503.0,12
4779,3/27/2018,Jordan,1467.0,-14
4780,3/27/2018,Armenia,1463.0,-15
4781,3/27/2018,North Korea,1459.0,7
4782,3/27/2018,Lebanon,1458.0,2
4783,3/27/2018,Uganda,1452.0,-6
4784,3/27/2018,Bahrain,1418.0,15
4785,3/27/2018,Lithuania,1411.0,15
4786,3/27/2018,Kosovo,1405.0,24
4787,3/27/2018,Palestine,1403.0,-9
4788,3/27/2018,Azerbaijan,1392.0,4
4789,3/27/2018,Namibia,1386.0,4
4790,3/27/2018,Kenya,1372.0,-13
4791,3/27/2018,Luxembourg,1325.0,-6
4792,3/27/2018,Tanzania,1312.0,23
4793,3/27/2018,Central African Republic,1308.0,13
4794,3/27/2018,Malawi,1306.0,6
4795,3/27/2018,Vietnam,1288.0,14
4796,3/27/2018,Swaziland,1286.0,-6
4797,3/27/2018,Lesotho,1254.0,-4
4798,3/27/2018,Kyrgyzstan,1246.0,11
4799,3/27/2018,Turkmenistan,1243.0,-15
4800,3/27/2018,Tajikistan,1199.0,-17
4801,3/27/2018,Yemen,1197.0,6
4802,3/27/2018,Philippines,1190.0,17
4803,3/27/2018,Hong Kong,1187.0,-7
4804,3/27/2018,Afghanistan,1158.0,5
4805,3/27/2018,India,1151.0,-11
4806,3/27/2018,Mauritius,1074.0,4
4807,3/27/2018,Myanmar,1072.0,2
4808,3/27/2018,Malaysia,1055.0,-2
4809,3/27/2018,Singapore,1043.0,-19
4810,3/27/2018,Taiwan,997.0,19
4811,3/27/2018,Maldives,945.0,6
4812,3/27/2018,Seychelles,943.0,6
4813,3/27/2018,Nepal,899.0,-6
4814,3/27/2018,Cambodia,821.0,-5
4815,3/27/2018,Bangladesh,809.0,2
4816,3/27/2018,Laos,770.0,-2
4817,3/27/2018,Macao,674.0,-2
4818,3/27/2018,Mongolia,660.0,-4
4819,3/27/2018,Bhutan,588.0,-6
4820,3/27/2018,Moldova,,-4
4821,6/1/2018,France,1994.0,8
4822,6/1/2018,Colombia,1927.0,-7
4823,6/1/2018,Italy,1892.0,-8
4824,6/1/2018,Bosnia and Herzegovina,1745.0,20
4825,6/1/2018,Australia,1734.0,19
4826,6/1/2018,South Korea,1732.0,-20
4827,6/1/2018,Turkey,1726.0,-2
4828,6/1/2018,Czechia,1702.0,-19
4829,6/1/2018,Tunisia,1653.0,2
4830,6/1/2018,Egypt,1641.0,7
4831,6/1/2018,Georgia,1506.0,3
4832,6/1/2018,Algeria,1505.0,-15
4833,6/1/2018,Cape Verde,1439.0,15
4834,6/1/2018,Botswana,1313.0,21
4835,6/1/2018,Malawi,1274.0,-1
4836,6/1/2018,Angola,1252.0,1
4837,6/1/2018,Malta,1204.0,-3
4838,6/1/2018,India,1162.0,11
4839,6/1/2018,Mauritius,1072.0,-21
4840,6/1/2018,Taiwan,986.0,-11
4841,8/26/2018,Lesotho,1316.0,6
4842,8/26/2018,Cuba,1287.0,-2
4843,8/26/2018,Eswatini,1255.0,-6
4844,8/26/2018,Barbados,1137.0,2
4845,8/26/2018,Saint Martin,853.0,5
4846,8/26/2018,Anguilla,566.0,-5
4847,11/17/2018,Portugal,1974.0,1
4848,11/17/2018,Italy,1882.0,-1
4849,11/17/2018,Sweden,1834.0,20
4850,11/17/2018,Serbia,1804.0,7
4851,11/17/2018,South Korea,1774.0,1
4852,11/17/2018,Senegal,1755.0,5
4853,11/17/2018,Romania,1733.0,4
4854,11/17/2018,Australia,1722.0,-1
4855,11/17/2018,Nigeria,1720.0,-5
4856,11/17/2018,Scotland,1712.0,32
4857,11/17/2018,Turkey,1692.0,-20
4858,11/17/2018,Montenegro,1606.0,-7
4859,11/17/2018,Jamaica,1568.0,4
4860,11/17/2018,South Africa,1544.0,5
4861,11/17/2018,Mali,1527.0,21
4862,11/17/2018,Haiti,1521.0,22
4863,11/17/2018,Albania,1499.0,-32
4864,11/17/2018,Kosovo,1474.0,24
4865,11/17/2018,Libya,1473.0,9
4866,11/17/2018,Jordan,1469.0,2
4867,11/17/2018,Uganda,1463.0,12
4868,11/17/2018,Azerbaijan,1425.0,12
4869,11/17/2018,Thailand,1412.0,10
4870,11/17/2018,Gabon,1404.0,-21
4871,11/17/2018,Cape Verde,1398.0,-12
4872,11/17/2018,Benin,1386.0,-35
4873,11/17/2018,Namibia,1381.0,-10
4874,11/17/2018,Lithuania,1340.0,-4
4875,11/17/2018,Cuba,1338.0,12
4876,11/17/2018,Guinea-Bissau,1309.0,10
4877,11/17/2018,Gambia,1303.0,35
4878,11/17/2018,Equatorial Guinea,1292.0,-5
4879,11/17/2018,Nicaragua,1279.0,-22
4880,11/17/2018,Dominican Republic,1264.0,-12
4881,11/17/2018,Suriname,1257.0,-4
4882,11/17/2018,Faroe Islands,1254.0,-12
4883,11/17/2018,Malawi,1250.0,-26
4884,11/17/2018,New Caledonia,1219.0,3
4885,11/17/2018,India,1213.0,-2
4886,11/17/2018,Indonesia,1208.0,-10
4887,11/17/2018,Vanuatu,1206.0,-3
4888,11/17/2018,Philippines,1202.0,2
4889,11/17/2018,Malta,1179.0,-24
4890,11/17/2018,Saint Lucia,1140.0,-6
4891,11/17/2018,Comoros,1090.0,26
4892,11/17/2018,Seychelles,966.0,-9
4893,11/17/2018,Cayman Islands,943.0,6
4894,11/17/2018,East Timor,650.0,-2
4895,12/28/2018,Iraq,1583.0,5
4896,12/28/2018,China,1517.0,-2
4897,12/28/2018,United Arab Emirates,1484.0,-23
4898,12/28/2018,Jordan,1448.0,2
4899,12/28/2018,Kuwait,1439.0,23
4900,12/28/2018,Palestine,1395.0,-5
4901,12/28/2018,Turkmenistan,1252.0,-3
4902,12/28/2018,Afghanistan,1152.0,3
4903,6/10/2019,Spain,2027.0,12
4904,6/10/2019,Denmark,1889.0,5
4905,6/10/2019,Sweden,1826.0,-12
4906,6/10/2019,Ukraine,1824.0,1
4907,6/10/2019,Poland,1803.0,12
4908,6/10/2019,Serbia,1796.0,3
4909,6/10/2019,Romania,1750.0,5
4910,6/10/2019,Czechia,1737.0,13
4911,6/10/2019,Austria,1735.0,26
4912,6/10/2019,Ireland,1728.0,1
4913,6/10/2019,Norway,1684.0,7
4914,6/10/2019,Israel,1597.0,-12
4915,6/10/2019,Bulgaria,1579.0,-30
4916,6/10/2019,Slovenia,1571.0,21
4917,6/10/2019,Canada,1565.0,10
4918,6/10/2019,Montenegro,1561.0,-13
4919,6/10/2019,Kosovo,1543.0,30
4920,6/10/2019,Georgia,1526.0,-5
4921,6/10/2019,North Macedonia,1496.0,-26
4922,6/10/2019,Trinidad and Tobago,1429.0,-10
4923,6/10/2019,Luxembourg,1356.0,-1
4924,6/10/2019,Lithuania,1321.0,-3
4925,6/10/2019,Latvia,1250.0,-21
4926,6/10/2019,Fiji,1236.0,3
4927,6/10/2019,Faroe Islands,1226.0,-7
4928,6/10/2019,Vanuatu,1210.0,-3
4929,6/10/2019,Malta,1190.0,-5
4930,6/10/2019,Gibraltar,1094.0,-1
4931,7/19/2019,Senegal,1749.0,-33
4932,7/19/2019,Algeria,1702.0,33
4933,7/19/2019,North Korea,1366.0,11
4934,7/19/2019,Tajikistan,1252.0,-11
4935,11/19/2019,Belgium,2083.0,1
4936,11/19/2019,Brazil,2081.0,5
4937,11/19/2019,Netherlands,2017.0,2
4938,11/19/2019,Colombia,1985.0,4
4939,11/19/2019,Germany,1964.0,8
4940,11/19/2019,Croatia,1920.0,1
4941,11/19/2019,Mexico,1901.0,1
4942,11/19/2019,Venezuela,1829.0,21
4943,11/19/2019,Russia,1794.0,1
4944,11/19/2019,Poland,1789.0,6
4945,11/19/2019,Wales,1782.0,12
4946,11/19/2019,South Korea,1753.0,-5
4947,11/19/2019,Japan,1750.0,-21
4948,11/19/2019,Austria,1740.0,-37
4949,11/19/2019,Paraguay,1738.0,-3
4950,11/19/2019,Slovakia,1734.0,4
4951,11/19/2019,Ecuador,1726.0,-4
4952,11/19/2019,Qatar,1725.0,1
4953,11/19/2019,United States,1720.0,5
4954,11/19/2019,Northern Ireland,1678.0,-8
4955,11/19/2019,Morocco,1659.0,13
4956,11/19/2019,Scotland,1639.0,6
4957,11/19/2019,Tunisia,1619.0,10
4958,11/19/2019,Hungary,1618.0,-12
4959,11/19/2019,Ivory Coast,1615.0,-34
4960,11/19/2019,Iraq,1599.0,-6
4961,11/19/2019,Slovenia,1585.0,-6
4962,11/19/2019,Uzbekistan,1580.0,10
4963,11/19/2019,Georgia,1550.0,-1
4964,11/19/2019,North Macedonia,1546.0,16
4965,11/19/2019,Israel,1538.0,-16
4966,11/19/2019,Montenegro,1523.0,10
4967,11/19/2019,Saudi Arabia,1520.0,3
4968,11/19/2019,Oman,1519.0,3
4969,11/19/2019,Bahrain,1510.0,6
4970,11/19/2019,Belarus,1493.0,-10
4971,11/19/2019,El Salvador,1489.0,6
4972,11/19/2019,Syria,1486.0,5
4973,11/19/2019,Jordan,1478.0,2
4974,11/19/2019,Libya,1463.0,13
4975,11/19/2019,Estonia,1433.0,-2
4976,11/19/2019,Zambia,1432.0,-30
4977,11/19/2019,Madagascar,1429.0,37
4978,11/19/2019,Kuwait,1426.0,2
4979,11/19/2019,Vietnam,1411.0,-9
4980,11/19/2019,Zimbabwe,1408.0,30
4981,11/19/2019,Lebanon,1407.0,-8
4982,11/19/2019,Cyprus,1399.0,-1
4983,11/19/2019,Palestine,1385.0,-10
4984,11/19/2019,North Korea,1379.0,8
4985,11/19/2019,Mauritania,1379.0,22
4986,11/19/2019,Azerbaijan,1376.0,-4
4987,11/19/2019,Thailand,1361.0,9
4988,11/19/2019,Kazakhstan,1360.0,-6
4989,11/19/2019,Central African Republic,1345.0,-22
4990,11/19/2019,Tanzania,1317.0,-13
4991,11/19/2019,Bermuda,1299.0,-1
4992,11/19/2019,Equatorial Guinea,1297.0,-10
4993,11/19/2019,Ethiopia,1282.0,34
4994,11/19/2019,Kyrgyzstan,1272.0,-8
4995,11/19/2019,Burundi,1269.0,-13
4996,11/19/2019,Cuba,1268.0,-5
4997,11/19/2019,Turkmenistan,1268.0,1
4998,11/19/2019,Latvia,1254.0,37
4999,11/19/2019,Niger,1252.0,-37
5000,11/19/2019,Tajikistan,1236.0,8
5001,11/19/2019,Yemen,1209.0,-25
5002,11/19/2019,Malaysia,1204.0,18
5003,11/19/2019,India,1192.0,-3
5004,11/19/2019,Hong Kong,1188.0,4
5005,11/19/2019,Dominican Republic,1182.0,-6
5006,11/19/2019,Singapore,1161.0,25
5007,11/19/2019,Philippines,1156.0,-5
5008,11/19/2019,Afghanistan,1140.0,-1
5009,11/19/2019,Indonesia,1120.0,-18
5010,11/19/2019,Barbados,1103.0,12
5011,11/19/2019,Myanmar,1050.0,3
5012,11/19/2019,Saint Lucia,1035.0,-35
5013,11/19/2019,Puerto Rico,974.0,3
5014,11/19/2019,Maldives,949.0,9
5015,11/19/2019,Taiwan,943.0,-2
5016,11/19/2019,Nepal,923.0,-2
5017,11/19/2019,Cayman Islands,913.0,-12
5018,11/19/2019,Montserrat,860.0,35
5019,11/19/2019,Saint Martin,853.0,19
5020,11/19/2019,Cambodia,840.0,-4
5021,11/19/2019,San Marino,820.0,-1
5022,11/19/2019,Guam,736.0,-9
5023,11/19/2019,Mongolia,733.0,-3
5024,11/19/2019,US Virgin Islands,705.0,-19
5025,11/19/2019,Sri Lanka,673.0,-1
5026,11/19/2019,Anguilla,547.0,-3
5027,9/6/2020,Spain,2043.0,14
5028,9/6/2020,Germany,1963.0,1
5029,9/6/2020,Switzerland,1879.0,-1
5030,9/6/2020,Ukraine,1857.0,-14
5031,9/6/2020,Russia,1831.0,16
5032,9/6/2020,Wales,1805.0,5
5033,9/6/2020,Serbia,1763.0,-7
5034,9/6/2020,Turkey,1752.0,7
5035,9/6/2020,Ireland,1695.0,-30
5036,9/6/2020,Finland,1659.0,30
5037,9/6/2020,Hungary,1635.0,-16
5038,9/6/2020,Greece,1633.0,22
5039,9/6/2020,Slovenia,1584.0,3
5040,9/6/2020,Bulgaria,1558.0,-5
5041,9/6/2020,Kosovo,1524.0,-22
5042,9/6/2020,Faroe Islands,1256.0,19
5043,9/6/2020,Latvia,1243.0,1
5044,9/6/2020,Malta,1156.0,-1
5045,9/6/2020,Moldova,,-3
5046,9/6/2020,Andorra,1101.0,-19
5047,10/7/2020,France,2079.0,6
5048,10/7/2020,Spain,2045.0,2
5049,10/7/2020,Portugal,2028.0,-2
5050,10/7/2020,Italy,1982.0,0
5051,10/7/2020,Netherlands,1978.0,-15
5052,10/7/2020,Germany,1956.0,-7
5053,10/7/2020,Mexico,1918.0,15
5054,10/7/2020,Croatia,1902.0,13
5055,10/7/2020,Denmark,1869.0,1
5056,10/7/2020,Switzerland,1866.0,-13
5057,10/7/2020,Ukraine,1851.0,-6
5058,10/7/2020,Poland,1812.0,7
5059,10/7/2020,Turkey,1759.0,7
5060,10/7/2020,Czechia,1744.0,3
5061,10/7/2020,Austria,1741.0,5
5062,10/7/2020,Finland,1652.0,-7
5063,10/7/2020,Greece,1628.0,-5
5064,10/7/2020,Slovenia,1584.0,0
5065,10/7/2020,Montenegro,1558.0,-8
5066,10/7/2020,Zambia,1437.0,5
5067,10/7/2020,Cape Verde,1406.0,5
5068,10/7/2020,Estonia,1372.0,-22
5069,10/7/2020,Lithuania,1342.0,22
5070,10/7/2020,Cyprus,1341.0,-3
5071,10/7/2020,Malawi,1337.0,-5
5072,10/7/2020,Luxembourg,1335.0,-17
5073,10/7/2020,Faroe Islands,1255.0,-1
5074,10/7/2020,Latvia,1251.0,8
5075,10/7/2020,Liechtenstein,1166.0,17
5076,10/7/2020,Malta,1164.0,8
5077,10/7/2020,Andorra,1096.0,-5
5078,10/7/2020,Gibraltar,1082.0,-8
5079,10/7/2020,San Marino,808.0,0
5080,10/7/2020,Moldova,,0
5081,11/17/2020,Brazil,2135.0,28
5082,11/17/2020,France,2092.0,7
5083,11/17/2020,Spain,2049.0,26
5084,11/17/2020,Portugal,2038.0,17
5085,11/17/2020,Argentina,1994.0,26
5086,11/17/2020,Germany,1955.0,-26
5087,11/17/2020,Uruguay,1953.0,-28
5088,11/17/2020,Mexico,1928.0,8
5089,11/17/2020,Colombia,1896.0,-47
5090,11/17/2020,Croatia,1859.0,-17
5091,11/17/2020,Ecuador,1826.0,47
5092,11/17/2020,Sweden,1820.0,-7
5093,11/17/2020,Chile,1813.0,-17
5094,11/17/2020,Venezuela,1801.0,17
5095,11/17/2020,Peru,1792.0,-26
5096,11/17/2020,South Korea,1773.0,7
5097,11/17/2020,Paraguay,1769.0,-14
5098,11/17/2020,Japan,1745.0,-8
5099,11/17/2020,Morocco,1681.0,8
5100,11/17/2020,Nigeria,1668.0,-12
5101,11/17/2020,Qatar,1642.0,-7
5102,11/17/2020,Iraq,1628.0,8
5103,11/17/2020,Ivory Coast,1617.0,-6
5104,11/17/2020,Tunisia,1615.0,-12
5105,11/17/2020,Ghana,1603.0,-32
5106,11/17/2020,Egypt,1601.0,16
5107,11/17/2020,Jamaica,1582.0,13
5108,11/17/2020,Bolivia,1582.0,14
5109,11/17/2020,Mali,1574.0,13
5110,11/17/2020,Saudi Arabia,1556.0,-13
5111,11/17/2020,Uzbekistan,1552.0,-8
5112,11/17/2020,Montenegro,1531.0,12
5113,11/17/2020,Democratic Republic of Congo,1500.0,19
5114,11/17/2020,Benin,1476.0,-5
5115,11/17/2020,Madagascar,1422.0,6
5116,11/17/2020,Cape Verde,1384.0,-1
5117,11/17/2020,Azerbaijan,1383.0,5
5118,11/17/2020,Luxembourg,1362.0,-5
5119,11/17/2020,Angola,1349.0,-19
5120,11/17/2020,Sierra Leone,1344.0,12
5121,11/17/2020,Central African Republic,1331.0,-8
5122,11/17/2020,Sudan,1328.0,32
5123,11/17/2020,Cyprus,1326.0,-12
5124,11/17/2020,Namibia,1312.0,-13
5125,11/17/2020,Lesotho,1293.0,5
5126,11/17/2020,Togo,1292.0,-16
5127,11/17/2020,Tanzania,1291.0,12
5128,11/17/2020,Ethiopia,1275.0,29
5129,11/17/2020,Rwanda,1267.0,1
5130,11/17/2020,Faroe Islands,1262.0,3
5131,11/17/2020,Latvia,1261.0,33
5132,11/17/2020,Niger,1254.0,-29
5133,11/17/2020,Malta,1215.0,-3
5134,11/17/2020,Liechtenstein,1115.0,5
5135,11/17/2020,Gibraltar,1095.0,-5
5136,11/17/2020,Andorra,1037.0,-33
5137,11/17/2020,Nepal,909.0,1
5138,11/17/2020,Bangladesh,846.0,-1
5139,3/28/2021,France,2077.0,1
5140,3/28/2021,Spain,2034.0,3
5141,3/28/2021,Italy,2006.0,5
5142,3/28/2021,Germany,1971.0,10
5143,3/28/2021,England,1970.0,9
5144,3/28/2021,Denmark,1939.0,1
5145,3/28/2021,Switzerland,1882.0,1
5146,3/28/2021,Sweden,1838.0,15
5147,3/28/2021,Ukraine,1837.0,-12
5148,3/28/2021,Poland,1814.0,0
5149,3/28/2021,Austria,1786.0,2
5150,3/28/2021,United States,1765.0,8
5151,3/28/2021,Hungary,1743.0,1
5152,3/28/2021,Finland,1711.0,12
5153,3/28/2021,Romania,1666.0,-10
5154,3/28/2021,Scotland,1662.0,1
5155,3/28/2021,Greece,1650.0,6
5156,3/28/2021,Tunisia,1643.0,4
5157,3/28/2021,Ghana,1605.0,1
5158,3/28/2021,Honduras,1604.0,-6
5159,3/28/2021,Iceland,1596.0,-30
5160,3/28/2021,Israel,1578.0,-1
5161,3/28/2021,Northern Ireland,1575.0,-8
5162,3/28/2021,North Macedonia,1562.0,3
5163,3/28/2021,Armenia,1558.0,30
5164,3/28/2021,Albania,1550.0,-9
5165,3/28/2021,Panama,1542.0,2
5166,3/28/2021,Georgia,1500.0,-3
5167,3/28/2021,Bulgaria,1488.0,-5
5168,3/28/2021,Kosovo,1484.0,-15
5169,3/28/2021,South Africa,1478.0,-36
5170,3/28/2021,El Salvador,1466.0,-19
5171,3/28/2021,Curaçao,1434.0,11
5172,3/28/2021,Guinea,1433.0,-23
5173,3/28/2021,Sudan,1382.0,36
5174,3/28/2021,Lithuania,1360.0,-1
5175,3/28/2021,Libya,1354.0,-20
5176,3/28/2021,Trinidad and Tobago,1352.0,-13
5177,3/28/2021,Equatorial Guinea,1352.0,-4
5178,3/28/2021,Namibia,1335.0,23
5179,3/28/2021,Kazakhstan,1332.0,-1
5180,3/28/2021,Tanzania,1294.0,20
5181,3/28/2021,Faroe Islands,1264.0,-2
5182,3/28/2021,Cuba,1252.0,-11
5183,3/28/2021,Liechtenstein,1106.0,-3
5184,3/28/2021,Sao Tome and Principe,1063.0,-1
5185,3/28/2021,Andorra,1034.0,0
5186,3/28/2021,Dominica,1012.0,-2
5187,3/28/2021,Puerto Rico,994.0,13
5188,3/28/2021,Montserrat,893.0,19
5189,3/28/2021,San Marino,829.0,-1
5190,3/28/2021,Moldova,,-1
5191,5/24/2021,Iraq,1630.0,-9
5192,5/24/2021,Jordan,1476.0,-16
5193,5/24/2021,United Arab Emirates,1453.0,16
5194,5/24/2021,Tajikistan,1251.0,9
5195,6/7/2021,Germany,1935.0,1
5196,6/7/2021,Ukraine,1814.0,2
5197,6/7/2021,Iran,1794.0,25
5198,6/7/2021,Serbia,1792.0,-6
5199,6/7/2021,Japan,1762.0,2
5200,6/7/2021,Australia,1731.0,1
5201,6/7/2021,Qatar,1658.0,8
5202,6/7/2021,Iraq,1631.0,1
5203,6/7/2021,Jamaica,1578.0,6
5204,6/7/2021,Uzbekistan,1568.0,7
5205,6/7/2021,Bahrain,1544.0,-25
5206,6/7/2021,Oman,1496.0,-8
5207,6/7/2021,Syria,1481.0,1
5208,6/7/2021,Jordan,1477.0,3
5209,6/7/2021,United Arab Emirates,1474.0,13
5210,6/7/2021,China,1473.0,9
5211,6/7/2021,Vietnam,1425.0,12
5212,6/7/2021,Cyprus,1365.0,-2
5213,6/7/2021,Rwanda,1324.0,14
5214,6/7/2021,Thailand,1319.0,-13
5215,6/7/2021,Latvia,1288.0,-1
5216,6/7/2021,Central African Republic,1282.0,-14
5217,6/7/2021,Faroe Islands,1263.0,7
5218,6/7/2021,Tajikistan,1252.0,-2
5219,6/7/2021,Kyrgyzstan,1234.0,-38
5220,6/7/2021,India,1200.0,8
5221,6/7/2021,Philippines,1147.0,-9
5222,6/7/2021,Singapore,1139.0,-7
5223,6/7/2021,Indonesia,1108.0,-12
5224,6/7/2021,Liechtenstein,1092.0,-7
5225,6/7/2021,Gibraltar,1088.0,1
5226,6/7/2021,Andorra,1029.0,-1
5227,6/7/2021,Nepal,941.0,-3
5228,6/7/2021,Taiwan,909.0,-1
5229,6/7/2021,Bangladesh,850.0,-8
5230,6/7/2021,Cambodia,838.0,-1
5231,6/7/2021,Mongolia,769.0,38
5232,6/7/2021,Guam,734.0,-1
5233,9/4/2021,France,2046.0,-9
5234,9/4/2021,Portugal,2012.0,4
5235,9/4/2021,Denmark,1970.0,1
5236,9/4/2021,Netherlands,1920.0,4
5237,9/4/2021,Croatia,1841.0,17
5238,9/4/2021,Serbia,1802.0,4
5239,9/4/2021,Ukraine,1789.0,9
5240,9/4/2021,Norway,1749.0,7
5241,9/4/2021,Austria,1740.0,-41
5242,9/4/2021,Russia,1739.0,9
5243,9/4/2021,Turkey,1719.0,3
5244,9/4/2021,Finland,1708.0,3
5245,9/4/2021,Qatar,1681.0,-4
5246,9/4/2021,Israel,1662.0,41
5247,9/4/2021,Slovakia,1656.0,-17
5248,9/4/2021,Bosnia and Herzegovina,1648.0,2
5249,9/4/2021,Scotland,1626.0,2
5250,9/4/2021,Slovenia,1616.0,3
5251,9/4/2021,Ireland,1604.0,-16
5252,9/4/2021,Montenegro,1528.0,-4
5253,9/4/2021,Haiti,1527.0,20
5254,9/4/2021,Jordan,1450.0,-20
5255,9/4/2021,Luxembourg,1395.0,-4
5256,9/4/2021,Azerbaijan,1377.0,16
5257,9/4/2021,Kuwait,1373.0,-2
5258,9/4/2021,Kazakhstan,1359.0,-3
5259,9/4/2021,Cyprus,1316.0,-9
5260,9/4/2021,Latvia,1283.0,-7
5261,9/4/2021,Malta,1256.0,-3
5262,9/4/2021,Burundi,1252.0,8
5263,9/4/2021,Faroe Islands,1247.0,-1
5264,9/4/2021,Gibraltar,1076.0,-3
5265,9/4/2021,Seychelles,893.0,-8
5266,9/4/2021,Moldova,,-2
5267,10/9/2021,England,2045.0,0
5268,10/9/2021,Portugal,2018.0,3
5269,10/9/2021,Denmark,1978.0,1
5270,10/9/2021,Switzerland,1913.0,5
5271,10/9/2021,Sweden,1865.0,5
5272,10/9/2021,Ukraine,1814.0,21
5273,10/9/2021,Serbia,1803.0,6
5274,10/9/2021,Poland,1782.0,0
5275,10/9/2021,Austria,1716.0,7
5276,10/9/2021,Senegal,1705.0,6
5277,10/9/2021,Greece,1704.0,22
5278,10/9/2021,Morocco,1701.0,6
5279,10/9/2021,Finland,1683.0,-21
5280,10/9/2021,Hungary,1677.0,-32
5281,10/9/2021,Qatar,1673.0,-3
5282,10/9/2021,Scotland,1671.0,14
5283,10/9/2021,Bosnia and Herzegovina,1649.0,17
5284,10/9/2021,Israel,1641.0,-14
5285,10/9/2021,Ireland,1631.0,22
5286,10/9/2021,Albania,1604.0,32
5287,10/9/2021,Northern Ireland,1602.0,-5
5288,10/9/2021,Ghana,1588.0,7
5289,10/9/2021,Uzbekistan,1554.0,7
5290,10/9/2021,South Africa,1551.0,23
5291,10/9/2021,Kosovo,1502.0,-5
5292,10/9/2021,New Zealand,1498.0,12
5293,10/9/2021,Bulgaria,1492.0,-42
5294,10/9/2021,Georgia,1463.0,-22
5295,10/9/2021,Guinea,1423.0,-4
5296,10/9/2021,Curaçao,1405.0,-12
5297,10/9/2021,Luxembourg,1394.0,-6
5298,10/9/2021,Guinea-Bissau,1383.0,-6
5299,10/9/2021,Namibia,1383.0,-6
5300,10/9/2021,Sudan,1358.0,4
5301,10/9/2021,Kazakhstan,1358.0,-17
5302,10/9/2021,Gambia,1355.0,-16
5303,10/9/2021,Sierra Leone,1353.0,16
5304,10/9/2021,Azerbaijan,1352.0,-22
5305,10/9/2021,Congo,1350.0,0
5306,10/9/2021,Lithuania,1333.0,42
5307,10/9/2021,Zimbabwe,1333.0,-7
5308,10/9/2021,Ethiopia,1325.0,-23
5309,10/9/2021,Faroe Islands,1253.0,-7
5310,10/9/2021,Togo,1251.0,0
5311,10/9/2021,Malaysia,1192.0,-7
5312,10/9/2021,Andorra,1038.0,0
5313,10/9/2021,Cambodia,852.0,14
5314,10/9/2021,San Marino,816.0,0
5315,10/9/2021,Guam,714.0,-14
5316,10/9/2021,Moldova,,-1
5317,11/13/2021,France,2104.0,1
5318,11/13/2021,Belgium,2082.0,1
5319,11/13/2021,Netherlands,1919.0,-15
5320,11/13/2021,Wales,1827.0,5
5321,11/13/2021,Norway,1742.0,-19
5322,11/13/2021,Finland,1732.0,36
5323,11/13/2021,Turkey,1711.0,1
5324,11/13/2021,Ivory Coast,1665.0,8
5325,11/13/2021,Nigeria,1657.0,8
5326,11/13/2021,Tunisia,1634.0,-29
5327,11/13/2021,Bosnia and Herzegovina,1626.0,-36
5328,11/13/2021,Cameroon,1588.0,13
5329,11/13/2021,Montenegro,1529.0,15
5330,11/13/2021,Cape Verde,1453.0,8
5331,11/13/2021,Belarus,1443.0,-5
5332,11/13/2021,Zambia,1433.0,23
5333,11/13/2021,Estonia,1431.0,-1
5334,11/13/2021,Equatorial Guinea,1426.0,29
5335,11/13/2021,Kazakhstan,1344.0,-1
5336,11/13/2021,Mauritania,1340.0,-23
5337,11/13/2021,Sierra Leone,1333.0,-20
5338,11/13/2021,Liberia,1326.0,-8
5339,11/13/2021,Latvia,1309.0,19
5340,11/13/2021,Central African Republic,1295.0,-8
5341,11/13/2021,Malawi,1292.0,-13
5342,11/13/2021,Mozambique,1284.0,-8
5343,11/13/2021,Cuba,1276.0,-14
5344,11/13/2021,Comoros,1253.0,20
5345,11/13/2021,Burundi,1244.0,4
5346,11/13/2021,Nicaragua,1230.0,14
5347,11/13/2021,Gibraltar,1065.0,-1
5348,11/13/2021,Myanmar,1006.0,-4
5349,11/13/2021,Maldives,904.0,-18
5350,11/13/2021,Seychelles,901.0,10
5351,11/13/2021,Bangladesh,878.0,18
5352,11/13/2021,Sri Lanka,656.0,-10
5353,3/8/2022,Eswatini,1250.0,8
5354,3/8/2022,Lesotho,1191.0,-8
5355,3/21/2022,New Zealand,1532.0,14
5356,3/21/2022,Fiji,1250.0,-14
5357,3/21/2022,New Caledonia,1220.0,-26
5358,3/21/2022,Papua New Guinea,1173.0,26
5359,6/6/2022,Brazil,2166.0,4
5360,6/6/2022,France,2073.0,-10
5361,6/6/2022,Denmark,1983.0,15
5362,6/6/2022,Croatia,1808.0,10
5363,6/6/2022,South Korea,1805.0,10
5364,6/6/2022,Japan,1803.0,-4
5365,6/6/2022,Austria,1759.0,-15
5366,6/6/2022,Chile,1757.0,-10
5367,6/6/2022,Slovakia,1648.0,-37
5368,6/6/2022,Albania,1586.0,4
5369,6/6/2022,Iceland,1546.0,-4
5370,6/6/2022,Belarus,1454.0,-10
5371,6/6/2022,Equatorial Guinea,1439.0,16
5372,6/6/2022,Honduras,1429.0,-29
5373,6/6/2022,Curaçao,1410.0,29
5374,6/6/2022,Kazakhstan,1387.0,37
5375,6/6/2022,Latvia,1350.0,4
5376,6/6/2022,Trinidad and Tobago,1342.0,1
5377,6/6/2022,Libya,1331.0,-16
5378,6/6/2022,Azerbaijan,1292.0,10
5379,6/6/2022,Nicaragua,1251.0,-4
5380,6/6/2022,Saint Vincent and the Grenadines,1089.0,4
5381,6/6/2022,Andorra,1073.0,3
5382,6/6/2022,Liechtenstein,1051.0,-4
5383,6/6/2022,Bonaire,973.0,-11
5384,6/6/2022,Aruba,935.0,30
5385,6/6/2022,Bahamas,872.0,-1
5386,6/6/2022,Cayman Islands,865.0,-16
5387,6/6/2022,Saint Martin,820.0,-30
5388,6/6/2022,Sint Maarten,769.0,11
5389,6/6/2022,Turks and Caicos Islands,735.0,-19
5390,6/6/2022,US Virgin Islands,683.0,19
5391,6/6/2022,British Virgin Islands,616.0,16
5392,6/6/2022,Moldova,,-3
5393,6/14/2022,Belgium,2033.0,14
5394,6/14/2022,Netherlands,2003.0,7
5395,6/14/2022,Germany,1988.0,26
5396,6/14/2022,Italy,1949.0,-26
5397,6/14/2022,England,1937.0,-66
5398,6/14/2022,Ukraine,1848.0,-9
5399,6/14/2022,Hungary,1823.0,66
5400,6/14/2022,Mexico,1823.0,-10
5401,6/14/2022,Wales,1822.0,-7
5402,6/14/2022,United States,1818.0,-12
5403,6/14/2022,South Korea,1806.0,6
5404,6/14/2022,Poland,1803.0,-14
5405,6/14/2022,Japan,1766.0,-43
5406,6/14/2022,Turkey,1745.0,2
5407,6/14/2022,Costa Rica,1726.0,11
5408,6/14/2022,Chile,1718.0,-8
5409,6/14/2022,Scotland,1706.0,28
5410,6/14/2022,Ireland,1689.0,9
5411,6/14/2022,Tunisia,1684.0,43
5412,6/14/2022,Finland,1663.0,-18
5413,6/14/2022,Egypt,1636.0,-6
5414,6/14/2022,Bosnia and Herzegovina,1635.0,18
5415,6/14/2022,Montenegro,1590.0,52
5416,6/14/2022,Romania,1574.0,-52
5417,6/14/2022,Jordan,1574.0,23
5418,6/14/2022,Uzbekistan,1555.0,12
5419,6/14/2022,Jamaica,1547.0,10
5420,6/14/2022,New Zealand,1544.0,-11
5421,6/14/2022,Haiti,1536.0,11
5422,6/14/2022,Ghana,1535.0,8
5423,6/14/2022,Bahrain,1524.0,7
5424,6/14/2022,El Salvador,1501.0,12
5425,6/14/2022,Armenia,1478.0,-28
5426,6/14/2022,Palestine,1432.0,11
5427,6/14/2022,Luxembourg,1412.0,-13
5428,6/14/2022,Thailand,1394.0,-12
5429,6/14/2022,Latvia,1390.0,12
5430,6/14/2022,French Guiana,1329.0,5
5431,6/14/2022,Tajikistan,1306.0,4
5432,6/14/2022,Kuwait,1299.0,-23
5433,6/14/2022,Kyrgyzstan,1268.0,-4
5434,6/14/2022,Lithuania,1260.0,-2
5435,6/14/2022,Faroe Islands,1260.0,13
5436,6/14/2022,Turkmenistan,1252.0,-7
5437,6/14/2022,Indonesia,1251.0,14
5438,6/14/2022,India,1235.0,24
5439,6/14/2022,Malaysia,1194.0,5
5440,6/14/2022,Guyana,1183.0,-11
5441,6/14/2022,Hong Kong,1153.0,-24
5442,6/14/2022,Singapore,1126.0,22
5443,6/14/2022,Yemen,1100.0,-51
5444,6/14/2022,Philippines,1097.0,-11
5445,6/14/2022,Afghanistan,1097.0,-13
5446,6/14/2022,Andorra,1077.0,-9
5447,6/14/2022,Belize,1076.0,-5
5448,6/14/2022,Liechtenstein,1026.0,-12
5449,6/14/2022,Bonaire,996.0,8
5450,6/14/2022,Myanmar,930.0,-22
5451,6/14/2022,Nepal,922.0,-14
5452,6/14/2022,Maldives,917.0,9
5453,6/14/2022,Cambodia,863.0,13
5454,6/14/2022,Bangladesh,843.0,-5
5455,6/14/2022,Mongolia,805.0,51
5456,6/14/2022,Sint Maarten,776.0,-31
5457,6/14/2022,Sri Lanka,677.0,-9
5458,6/14/2022,Moldova,,9
5459,6/14/2022,Turks and Caicos Islands,728.0,31
5460,6/14/2022,US Virgin Islands,660.0,-8
5461,7/10/2022,Angola,1389.0,-25
5462,7/10/2022,Botswana,1352.0,25
5463,7/10/2022,Eswatini,1306.0,27
5464,7/10/2022,Malawi,1293.0,7
5465,7/10/2022,Comoros,1251.0,5
5466,7/10/2022,Lesotho,1219.0,-27
5467,7/10/2022,Mauritius,940.0,-7
5468,7/10/2022,Seychelles,891.0,-5
5469,9/23/2022,Brazil,2167.0,1
5470,9/23/2022,Argentina,2140.0,1
5471,9/23/2022,Italy,1963.0,14
5472,9/23/2022,Germany,1955.0,-33
5473,9/23/2022,Uruguay,1926.0,-14
5474,9/23/2022,England,1923.0,-14
5475,9/23/2022,Hungary,1856.0,33
5476,9/23/2022,Ecuador,1841.0,-6
5477,9/23/2022,Iran,1823.0,14
5478,9/23/2022,United States,1801.0,-17
5479,9/23/2022,Japan,1799.0,17
5480,9/23/2022,South Korea,1780.0,-4
5481,9/23/2022,Canada,1778.0,10
5482,9/23/2022,Morocco,1751.0,14
5483,9/23/2022,Paraguay,1740.0,4
5484,9/23/2022,Costa Rica,1730.0,4
5485,9/23/2022,Algeria,1714.0,2
5486,9/23/2022,Chile,1704.0,-14
5487,9/23/2022,Georgia,1662.0,19
5488,9/23/2022,Finland,1653.0,-10
5489,9/23/2022,Qatar,1648.0,-10
5490,9/23/2022,Bosnia and Herzegovina,1647.0,12
5491,9/23/2022,Egypt,1639.0,3
5492,9/23/2022,Saudi Arabia,1628.0,6
5493,9/23/2022,Mali,1618.0,4
5494,9/23/2022,Cameroon,1613.0,-18
5495,9/23/2022,North Macedonia,1595.0,-19
5496,9/23/2022,Burkina Faso,1586.0,6
5497,9/23/2022,Romania,1584.0,10
5498,9/23/2022,Jordan,1584.0,10
5499,9/23/2022,Montenegro,1578.0,-12
5500,9/23/2022,Uzbekistan,1573.0,18
5501,9/23/2022,Iraq,1564.0,0
5502,9/23/2022,Oman,1558.0,0
5503,9/23/2022,Ghana,1534.0,-1
5504,9/23/2022,Bahrain,1510.0,-14
5505,9/23/2022,United Arab Emirates,1498.0,-4
5506,9/23/2022,Cape Verde,1480.0,14
5507,9/23/2022,Bulgaria,1476.0,4
5508,9/23/2022,Zambia,1464.0,-4
5509,9/23/2022,Honduras,1461.0,-1
5510,9/23/2022,Syria,1450.0,-10
5511,9/23/2022,Democratic Republic of Congo,1442.0,-6
5512,9/23/2022,Equatorial Guinea,1434.0,-5
5513,9/23/2022,Estonia,1417.0,7
5514,9/23/2022,Guinea,1387.0,-2
5515,9/23/2022,Ethiopia,1352.0,-4
5516,9/23/2022,Sudan,1304.0,4
5517,9/23/2022,Rwanda,1271.0,5
5518,9/23/2022,Niger,1252.0,-3
5519,9/23/2022,Malta,1238.0,-7
5520,9/23/2022,Gibraltar,1054.0,-4
5521,10/13/2022,Qatar,1652.0,2
5522,10/13/2022,Nicaragua,1251.0,-2
5523,11/16/2022,Argentina,2143.0,2
5524,11/16/2022,Italy,1995.0,3
5525,11/16/2022,Germany,1962.0,3
5526,11/16/2022,Croatia,1926.0,5
5527,11/16/2022,Peru,1848.0,5
5528,11/16/2022,Poland,1813.0,5
5529,11/16/2022,Mexico,1809.0,-12
5530,11/16/2022,Iran,1798.0,-21
5531,11/16/2022,Czechia,1788.0,1
5532,11/16/2022,Scotland,1752.0,-9
5533,11/16/2022,Sweden,1747.0,12
5534,11/16/2022,Paraguay,1735.0,-5
5535,11/16/2022,Austria,1729.0,1
5536,11/16/2022,Algeria,1714.0,-5
5537,11/16/2022,Tunisia,1705.0,21
5538,11/16/2022,Turkey,1701.0,9
5539,11/16/2022,Chile,1697.0,-5
5540,11/16/2022,Ivory Coast,1680.0,3
5541,11/16/2022,Saudi Arabia,1636.0,-5
5542,11/16/2022,Mali,1617.0,5
5543,11/16/2022,Uzbekistan,1572.0,5
5544,11/16/2022,Iceland,1546.0,-8
5545,11/16/2022,Oman,1545.0,-3
5546,11/16/2022,Albania,1535.0,-3
5547,11/16/2022,Bulgaria,1520.0,13
5548,11/16/2022,Kosovo,1514.0,-4
5549,11/16/2022,United Arab Emirates,1486.0,-2
5550,11/16/2022,El Salvador,1483.0,-14
5551,11/16/2022,Armenia,1459.0,4
5552,11/16/2022,Estonia,1421.0,1
5553,11/16/2022,Azerbaijan,1399.0,9
5554,11/16/2022,Kazakhstan,1396.0,-5
5555,11/16/2022,Latvia,1348.0,-1
5556,11/16/2022,Cyprus,1337.0,-13
5557,11/16/2022,Faroe Islands,1301.0,-1
5558,11/16/2022,Nicaragua,1265.0,14
5559,11/16/2022,Lithuania,1255.0,8
5560,11/16/2022,Burundi,1252.0,-3
5561,11/16/2022,Andorra,1118.0,-1
5562,11/16/2022,Gibraltar,1060.0,8
5563,11/16/2022,Liechtenstein,977.0,-8
5564,11/16/2022,Nepal,936.0,6
5565,11/16/2022,Pakistan,872.0,-6
5566,11/16/2022,Moldova,,-9
5567,3/23/2023,Argentina,2145.0,1
5568,3/23/2023,Portugal,1998.0,0
5569,3/23/2023,England,1992.0,26
5570,3/23/2023,Italy,1947.0,-26
5571,3/23/2023,Denmark,1890.0,8
5572,3/23/2023,Hungary,1825.0,1
5573,3/23/2023,Mexico,1819.0,6
5574,3/23/2023,Iran,1776.0,-4
5575,3/23/2023,Russia,1757.0,4
5576,3/23/2023,Algeria,1706.0,2
5577,3/23/2023,Slovenia,1677.0,11
5578,3/23/2023,Finland,1653.0,-8
5579,3/23/2023,Panama,1639.0,-1
5580,3/23/2023,Bosnia and Herzegovina,1634.0,18
5581,3/23/2023,Ghana,1599.0,6
5582,3/23/2023,Slovakia,1567.0,-12
5583,3/23/2023,Northern Ireland,1541.0,1
5584,3/23/2023,North Macedonia,1537.0,4
5585,3/23/2023,New Zealand,1524.0,-4
5586,3/23/2023,Iceland,1517.0,-18
5587,3/23/2023,Gabon,1494.0,6
5588,3/23/2023,China,1475.0,4
5589,3/23/2023,Zambia,1473.0,8
5590,3/23/2023,Luxembourg,1454.0,12
5591,3/23/2023,Estonia,1447.0,-1
5592,3/23/2023,Angola,1398.0,-6
5593,3/23/2023,Kazakhstan,1380.0,-11
5594,3/23/2023,Cuba,1335.0,9
5595,3/23/2023,French Guiana,1322.0,-13
5596,3/23/2023,Suriname,1315.0,-6
5597,3/23/2023,Central African Republic,1309.0,48
5598,3/23/2023,Sudan,1296.0,-6
5599,3/23/2023,Congo,1263.0,-34
5600,3/23/2023,Malta,1256.0,-4
5601,3/23/2023,Madagascar,1251.0,-48
5602,3/23/2023,Malaysia,1249.0,7
5603,3/23/2023,Turkmenistan,1245.0,-7
5604,3/23/2023,Niger,1239.0,-2
5605,3/23/2023,Lesotho,1229.0,-8
5606,3/23/2023,Solomon Islands,1225.0,19
5607,3/23/2023,Antigua and Barbuda,1191.0,28
5608,3/23/2023,Dominican Republic,1188.0,13
5609,3/23/2023,Guadeloupe,1186.0,-28
5610,3/23/2023,Saint Kitts and Nevis,1184.0,8
5611,3/23/2023,New Caledonia,1180.0,-9
5612,3/23/2023,Tahiti,1147.0,9
5613,3/23/2023,Hong Kong,1138.0,-3
5614,3/23/2023,South Sudan,1136.0,34
5615,3/23/2023,Singapore,1133.0,3
5616,3/23/2023,Vanuatu,1129.0,-19
5617,3/23/2023,Puerto Rico,1093.0,6
5618,3/23/2023,Barbados,1013.0,-9
5619,3/23/2023,Liechtenstein,977.0,0
5620,3/23/2023,Saint Martin,831.0,-8
5621,3/23/2023,San Marino,782.0,-1
5622,3/23/2023,British Virgin Islands,607.0,-6
5623,3/28/2023,Argentina,2145.0,0
5624,3/28/2023,Belgium,1987.0,12
5625,3/28/2023,Spain,1963.0,-42
5626,3/28/2023,Croatia,1956.0,21
5627,3/28/2023,Germany,1950.0,-12
5628,3/28/2023,Colombia,1929.0,11
5629,3/28/2023,Uruguay,1915.0,10
5630,3/28/2023,Switzerland,1890.0,7
5631,3/28/2023,Morocco,1879.0,-1
5632,3/28/2023,Peru,1845.0,1
5633,3/28/2023,Ecuador,1840.0,12
5634,3/28/2023,Japan,1839.0,-11
5635,3/28/2023,Scotland,1798.0,42
5636,3/28/2023,South Korea,1780.0,-10
5637,3/28/2023,Iran,1777.0,1
5638,3/28/2023,Australia,1776.0,-12
5639,3/28/2023,Tunisia,1755.0,6
5640,3/28/2023,Senegal,1754.0,5
5641,3/28/2023,Norway,1744.0,0
5642,3/28/2023,Wales,1733.0,2
5643,3/28/2023,Canada,1732.0,9
5644,3/28/2023,Costa Rica,1714.0,-31
5645,3/28/2023,Turkey,1701.0,-21
5646,3/28/2023,Venezuela,1691.0,-3
5647,3/28/2023,Ivory Coast,1678.0,8
5648,3/28/2023,Egypt,1675.0,11
5649,3/28/2023,Panama,1670.0,31
5650,3/28/2023,Georgia,1651.0,0
5651,3/28/2023,Cameroon,1625.0,-33
5652,3/28/2023,Romania,1621.0,6
5653,3/28/2023,Bolivia,1617.0,12
5654,3/28/2023,Israel,1601.0,-7
5655,3/28/2023,Burkina Faso,1598.0,-10
5656,3/28/2023,Mali,1595.0,-31
5657,3/28/2023,Jordan,1592.0,2
5658,3/28/2023,Uzbekistan,1588.0,3
5659,3/28/2023,Saudi Arabia,1574.0,-12
5660,3/28/2023,Haiti,1547.0,6
5661,3/28/2023,South Africa,1539.0,14
5662,3/28/2023,Bahrain,1502.0,5
5663,3/28/2023,Kosovo,1500.0,-18
5664,3/28/2023,Cape Verde,1479.0,12
5665,3/28/2023,Honduras,1472.0,-9
5666,3/28/2023,Democratic Republic of Congo,1472.0,0
5667,3/28/2023,Equatorial Guinea,1467.0,20
5668,3/28/2023,United Arab Emirates,1455.0,9
5669,3/28/2023,Gambia,1443.0,31
5670,3/28/2023,Armenia,1435.0,-5
5671,3/28/2023,Syria,1423.0,-5
5672,3/28/2023,Namibia,1414.0,33
5673,3/28/2023,Belarus,1404.0,-6
5674,3/28/2023,Uganda,1391.0,24
5675,3/28/2023,Thailand,1379.0,-9
5676,3/28/2023,Mauritania,1372.0,0
5677,3/28/2023,Kenya,1371.0,-1
5678,3/28/2023,Cyprus,1356.0,5
5679,3/28/2023,Kuwait,1353.0,7
5680,3/28/2023,Curaçao,1351.0,0
5681,3/28/2023,Latvia,1348.0,-2
5682,3/28/2023,Libya,1338.0,-6
5683,3/28/2023,Botswana,1326.0,-20
5684,3/28/2023,Tajikistan,1326.0,-7
5685,3/28/2023,Togo,1319.0,10
5686,3/28/2023,Tanzania,1313.0,-24
5687,3/28/2023,Mozambique,1311.0,-5
5688,3/28/2023,Liberia,1308.0,-14
5689,3/28/2023,Eswatini,1298.0,-12
5690,3/28/2023,Indonesia,1285.0,-4
5691,3/28/2023,Malaysia,1256.0,7
5692,3/28/2023,Malawi,1252.0,-11
5693,3/28/2023,Burundi,1246.0,4
5694,3/28/2023,India,1240.0,18
5695,3/28/2023,Kyrgyzstan,1236.0,-18
5696,3/28/2023,Comoros,1235.0,-8
5697,3/28/2023,Guyana,1210.0,-13
5698,3/28/2023,Bermuda,1158.0,-6
5699,3/28/2023,Hong Kong,1131.0,-7
5700,3/28/2023,Andorra,1122.0,18
5701,3/28/2023,Philippines,1046.0,-2
5702,3/28/2023,Montserrat,972.0,13
5703,3/28/2023,Nepal,928.0,-13
5704,3/28/2023,Seychelles,887.0,13
5705,3/28/2023,Bonaire,876.0,-33
5706,3/28/2023,Bangladesh,851.0,-13
5707,3/28/2023,Sint Maarten,837.0,16
5708,3/28/2023,Turks and Caicos Islands,781.0,33
5709,3/28/2023,US Virgin Islands,633.0,-16
5710,3/28/2023,Bhutan,567.0,13
5711,6/11/2023,Chile,1706.0,2
5712,6/11/2023,Uzbekistan,1615.0,27
5713,6/11/2023,Oman,1575.0,-27
5714,6/11/2023,Guatemala,1461.0,-13
5715,6/11/2023,Uganda,1389.0,-2
5716,6/11/2023,Trinidad and Tobago,1373.0,13
5717,6/11/2023,Cuba,1341.0,-2
5718,6/11/2023,Central African Republic,1336.0,2
5719,6/11/2023,Tajikistan,1321.0,-5
5720,6/11/2023,Turkmenistan,1250.0,5
5721,6/11/2023,Mauritius,963.0,14
5722,6/11/2023,Pakistan,852.0,-14
5723,7/9/2023,United States,1819.0,-14
5724,7/9/2023,Canada,1724.0,14
5725,7/9/2023,Jamaica,1604.0,20
5726,7/9/2023,Guatemala,1496.0,-20
5727,7/9/2023,Zambia,1484.0,9
5728,7/9/2023,Malawi,1296.0,5
5729,7/9/2023,Comoros,1253.0,-9
5730,7/9/2023,Seychelles,874.0,-5
5731,7/30/2023,Madagascar,1254.0,15
5732,7/30/2023,Mayotte,1209.0,-15
5733,10/12/2023,Argentina,2159.0,2
5734,10/12/2023,Brazil,2090.0,-18
5735,10/12/2023,Spain,2017.0,10
5736,10/12/2023,Croatia,1978.0,-37
5737,10/12/2023,Colombia,1939.0,-8
5738,10/12/2023,Uruguay,1914.0,8
5739,10/12/2023,Ecuador,1879.0,11
5740,10/12/2023,Scotland,1817.0,-10
5741,10/12/2023,Peru,1798.0,-32
5742,10/12/2023,Russia,1763.0,4
5743,10/12/2023,Norway,1755.0,11
5744,10/12/2023,Czechia,1748.0,-43
5745,10/12/2023,Turkey,1742.0,37
5746,10/12/2023,Chile,1739.0,32
5747,10/12/2023,Poland,1729.0,6
5748,10/12/2023,Venezuela,1728.0,18
5749,10/12/2023,Sweden,1722.0,2
5750,10/12/2023,Algeria,1712.0,5
5751,10/12/2023,Paraguay,1703.0,-2
5752,10/12/2023,Egypt,1676.0,6
5753,10/12/2023,Albania,1657.0,43
5754,10/12/2023,Cameroon,1631.0,-4
5755,10/12/2023,Romania,1629.0,-12
5756,10/12/2023,Georgia,1629.0,6
5757,10/12/2023,Jamaica,1591.0,8
5758,10/12/2023,Bolivia,1584.0,-11
5759,10/12/2023,Montenegro,1553.0,3
5760,10/12/2023,Haiti,1513.0,-7
5761,10/12/2023,Zambia,1504.0,-6
5762,10/12/2023,Kosovo,1491.0,14
5763,10/12/2023,Cape Verde,1490.0,-5
5764,10/12/2023,United Arab Emirates,1486.0,5
5765,10/12/2023,Bahrain,1480.0,4
5766,10/12/2023,Honduras,1477.0,-10
5767,10/12/2023,Armenia,1470.0,-38
5768,10/12/2023,Belarus,1416.0,12
5769,10/12/2023,Kuwait,1385.0,-5
5770,10/12/2023,Thailand,1384.0,-6
5771,10/12/2023,Latvia,1356.0,38
5772,10/12/2023,Cyprus,1323.0,-11
5773,10/12/2023,Lebanon,1311.0,-3
5774,10/12/2023,Cuba,1305.0,10
5775,10/12/2023,Guadeloupe,1299.0,-26
5776,10/12/2023,Indonesia,1297.0,1
5777,10/12/2023,Suriname,1291.0,7
5778,10/12/2023,Kyrgyzstan,1251.0,-4
5779,10/12/2023,Faroe Islands,1248.0,-6
5780,10/12/2023,Saint Lucia,1136.0,26
5781,10/12/2023,Singapore,1132.0,2
5782,10/12/2023,Saint Kitts and Nevis,1131.0,6
5783,10/12/2023,Hong Kong,1122.0,2
5784,10/12/2023,Andorra,1115.0,-14
5785,10/12/2023,Grenada,1107.0,-8
5786,10/12/2023,Yemen,1099.0,6
5787,10/12/2023,Afghanistan,1082.0,7
5788,10/12/2023,Dominica,981.0,-15
5789,10/12/2023,Myanmar,928.0,9
5790,10/12/2023,Taiwan,927.0,7
5791,10/12/2023,Bangladesh,912.0,5
5792,10/12/2023,Nepal,912.0,-16
5793,10/12/2023,Maldives,896.0,-5
5794,10/12/2023,Cambodia,867.0,-9
5795,10/12/2023,Bonaire,861.0,6
5796,10/12/2023,Pakistan,819.0,9
5797,10/12/2023,Sint Maarten,810.0,-6
5798,10/12/2023,Mongolia,805.0,-7
5799,10/12/2023,Guam,705.0,-2
5800,10/12/2023,Laos,680.0,16
5801,10/12/2023,Sri Lanka,671.0,-6
5802,10/12/2023,British Virgin Islands,658.0,15
5803,10/12/2023,Macao,657.0,-9
5804,10/12/2023,East Timor,619.0,-7
5805,10/12/2023,Brunei,601.0,-1
5806,10/12/2023,Anguilla,578.0,-6
5807,10/12/2023,Bhutan,566.0,-2
5808,10/12/2023,Moldova,,-2
5809,11/17/2023,England,2030.0,0
5810,11/17/2023,Italy,1943.0,4
5811,11/17/2023,Denmark,1877.0,7
5812,11/17/2023,Mexico,1792.0,-48
5813,11/17/2023,Czechia,1753.0,4
5814,11/17/2023,Tunisia,1731.0,1
5815,11/17/2023,Greece,1714.0,5
5816,11/17/2023,Poland,1707.0,-4
5817,11/17/2023,Slovenia,1705.0,-7
5818,11/17/2023,Albania,1649.0,-12
5819,11/17/2023,Finland,1641.0,13
5820,11/17/2023,Mali,1631.0,2
5821,11/17/2023,Ivory Coast,1629.0,1
5822,11/17/2023,Cameroon,1625.0,1
5823,11/17/2023,Ghana,1580.0,4
5824,11/17/2023,North Macedonia,1551.0,-4
5825,11/17/2023,Burkina Faso,1549.0,-8
5826,11/17/2023,Honduras,1538.0,48
5827,11/17/2023,Zambia,1523.0,7
5828,11/17/2023,New Zealand,1522.0,-5
5829,11/17/2023,Kazakhstan,1486.0,1
5830,11/17/2023,Guinea,1444.0,17
5831,11/17/2023,Northern Ireland,1437.0,-13
5832,11/17/2023,Guinea-Bissau,1411.0,8
5833,11/17/2023,Uganda,1362.0,-17
5834,11/17/2023,Malawi,1354.0,24
5835,11/17/2023,Libya,1347.0,17
5836,11/17/2023,Nicaragua,1344.0,14
5837,11/17/2023,Solomon Islands,1302.0,1
5838,11/17/2023,Madagascar,1288.0,-4
5839,11/17/2023,Central African Republic,1286.0,-30
5840,11/17/2023,Liberia,1270.0,-24
5841,11/17/2023,Eswatini,1269.0,-17
5842,11/17/2023,Congo,1266.0,-7
5843,11/17/2023,French Guiana,1257.0,-26
5844,11/17/2023,Malta,1250.0,0
5845,11/17/2023,Comoros,1241.0,30
5846,11/17/2023,Dominican Republic,1193.0,-28
5847,11/17/2023,Chad,1178.0,-2
5848,11/17/2023,Bermuda,1175.0,14
5849,11/17/2023,Belize,1098.0,26
5850,11/17/2023,Sao Tome and Principe,1062.0,-1
5851,11/17/2023,Saint Vincent and the Grenadines,1037.0,-14
5852,11/17/2023,Mauritius,1029.0,-1
5853,11/17/2023,Montserrat,1003.0,28
5854,11/17/2023,Barbados,955.0,-14
5855,11/17/2023,Seychelles,859.0,-1
5856,11/17/2023,San Marino,777.0,-1
5857,11/17/2023,Samoa,677.0,-1
5858,11/17/2023,Moldova,,12
5859,12/30/2023,United Arab Emirates,1531.0,2
5860,12/30/2023,Kyrgyzstan,1251.0,-2
5861,1/25/2024,South Korea,1773.0,-23
5862,1/25/2024,Saudi Arabia,1605.0,-13
5863,1/25/2024,Jordan,1519.0,-33
5864,1/25/2024,Oman,1518.0,-17
5865,1/25/2024,Bahrain,1466.0,33
5866,1/25/2024,Thailand,1431.0,13
5867,1/25/2024,Malaysia,1291.0,23
5868,1/25/2024,Kyrgyzstan,1253.0,17
5869,3/21/2024,Portugal,2035.0,3
5870,3/21/2024,Italy,1942.0,5
5871,3/21/2024,Ecuador,1886.0,3
5872,3/21/2024,Ukraine,1857.0,7
5873,3/21/2024,Japan,1852.0,1
5874,3/21/2024,Mexico,1826.0,32
5875,3/21/2024,Iran,1816.0,1
5876,3/21/2024,Serbia,1786.0,-16
5877,3/21/2024,Russia,1773.0,16
5878,3/21/2024,United States,1772.0,12
5879,3/21/2024,Australia,1767.0,2
5880,3/21/2024,Venezuela,1750.0,-5
5881,3/21/2024,Greece,1738.0,10
5882,3/21/2024,Panama,1733.0,-32
5883,3/21/2024,Slovenia,1716.0,-8
5884,3/21/2024,Wales,1715.0,20
5885,3/21/2024,Poland,1714.0,5
5886,3/21/2024,South Korea,1713.0,-17
5887,3/21/2024,Sweden,1691.0,-3
5888,3/21/2024,Uzbekistan,1667.0,3
5889,3/21/2024,Georgia,1650.0,13
5890,3/21/2024,Iraq,1640.0,1
5891,3/21/2024,Qatar,1638.0,7
5892,3/21/2024,Finland,1621.0,-20
5893,3/21/2024,Saudi Arabia,1621.0,5
5894,3/21/2024,Jamaica,1610.0,-12
5895,3/21/2024,Jordan,1599.0,1
5896,3/21/2024,Cape Verde,1564.0,5
5897,3/21/2024,South Africa,1563.0,-13
5898,3/21/2024,Montenegro,1561.0,12
5899,3/21/2024,Israel,1557.0,-45
5900,3/21/2024,Iceland,1550.0,45
5901,3/21/2024,Oman,1526.0,8
5902,3/21/2024,Luxembourg,1507.0,-13
5903,3/21/2024,United Arab Emirates,1504.0,2
5904,3/21/2024,Guatemala,1481.0,-3
5905,3/21/2024,Bosnia and Herzegovina,1477.0,-7
5906,3/21/2024,Kazakhstan,1477.0,-10
5907,3/21/2024,Guinea,1468.0,6
5908,3/21/2024,Bahrain,1461.0,2
5909,3/21/2024,Belarus,1457.0,-12
5910,3/21/2024,Syria,1444.0,-17
5911,3/21/2024,Thailand,1437.0,17
5912,3/21/2024,Palestine,1417.0,5
5913,3/21/2024,China,1400.0,-10
5914,3/21/2024,Tajikistan,1380.0,-5
5915,3/21/2024,North Korea,1370.0,-1
5916,3/21/2024,Estonia,1357.0,-5
5917,3/21/2024,Latvia,1349.0,2
5918,3/21/2024,Kuwait,1340.0,-7
5919,3/21/2024,Lithuania,1326.0,7
5920,3/21/2024,Cyprus,1320.0,-2
5921,3/21/2024,Vietnam,1318.0,-18
5922,3/21/2024,Indonesia,1297.0,18
5923,3/21/2024,Solomon Islands,1288.0,-23
5924,3/21/2024,Ethiopia,1285.0,-14
5925,3/21/2024,Malaysia,1285.0,-8
5926,3/21/2024,Lebanon,1284.0,-2
5927,3/21/2024,Guyana,1268.0,-5
5928,3/21/2024,Kyrgyzstan,1266.0,13
5929,3/21/2024,Malta,1258.0,8
5930,3/21/2024,Lesotho,1252.0,14
5931,3/21/2024,India,1228.0,-9
5932,3/21/2024,Fiji,1221.0,23
5933,3/21/2024,Turkmenistan,1216.0,-1
5934,3/21/2024,Puerto Rico,1146.0,0
5935,3/21/2024,Singapore,1127.0,10
5936,3/21/2024,Andorra,1115.0,13
5937,3/21/2024,Yemen,1101.0,-2
5938,3/21/2024,Afghanistan,1085.0,9
5939,3/21/2024,Vanuatu,1074.0,-6
5940,3/21/2024,Hong Kong,1060.0,-3
5941,3/21/2024,Belize,1057.0,0
5942,3/21/2024,Philippines,1052.0,-1
5943,3/21/2024,Gibraltar,1051.0,-7
5944,3/21/2024,Bangladesh,939.0,-5
5945,3/21/2024,Myanmar,926.0,17
5946,3/21/2024,Taiwan,912.0,-13
5947,3/21/2024,Nepal,894.0,-2
5948,3/21/2024,Pakistan,828.0,-1
5949,6/15/2024,Spain,2057.0,37
5950,6/15/2024,Colombia,2014.0,3
5951,6/15/2024,Italy,1956.0,7
5952,6/15/2024,Croatia,1931.0,-37
5953,6/15/2024,Switzerland,1844.0,40
5954,6/15/2024,Hungary,1791.0,-40
5955,6/15/2024,Albania,1616.0,-7
5956,6/15/2024,Bolivia,1590.0,-3
5957,6/15/2024,Solomon Islands,1253.0,-35
5958,6/15/2024,Vanuatu,1081.0,35
5959,9/9/2024,France,2014.0,17
5960,9/9/2024,Italy,1943.0,4
5961,9/9/2024,Belgium,1923.0,-17
5962,9/9/2024,Austria,1853.0,-23
5963,9/9/2024,Turkey,1811.0,8
5964,9/9/2024,Morocco,1779.0,1
5965,9/9/2024,Slovenia,1777.0,6
5966,9/9/2024,Senegal,1753.0,3
5967,9/9/2024,Norway,1747.0,23
5968,9/9/2024,Romania,1713.0,4
5969,9/9/2024,Wales,1701.0,17
5970,9/9/2024,Costa Rica,1661.0,-4
5971,9/9/2024,Angola,1581.0,6
5972,9/9/2024,Democratic Republic of Congo,1576.0,11
5973,9/9/2024,Iceland,1574.0,-8
5974,9/9/2024,Israel,1556.0,-4
5975,9/9/2024,Equatorial Guinea,1522.0,-13
5976,9/9/2024,Haiti,1517.0,2
5977,9/9/2024,Montenegro,1516.0,-17
5978,9/9/2024,Kosovo,1512.0,34
5979,9/9/2024,Guatemala,1503.0,4
5980,9/9/2024,Ghana,1499.0,-14
5981,9/9/2024,Kazakhstan,1457.0,-6
5982,9/9/2024,Syria,1441.0,16
5983,9/9/2024,Martinique,1405.0,-13
5984,9/9/2024,Uganda,1389.0,14
5985,9/9/2024,Sudan,1383.0,-6
5986,9/9/2024,Togo,1368.0,13
5987,9/9/2024,Comoros,1340.0,-1
5988,9/9/2024,Suriname,1338.0,-16
5989,9/9/2024,Guadeloupe,1336.0,16
5990,9/9/2024,Curaçao,1328.0,7
5991,9/9/2024,Madagascar,1325.0,1
5992,9/9/2024,Lithuania,1323.0,-4
5993,9/9/2024,Burundi,1311.0,-3
5994,9/9/2024,Cyprus,1309.0,-34
5995,9/9/2024,Ethiopia,1297.0,-11
5996,9/9/2024,Congo,1261.0,-14
5997,9/9/2024,Guyana,1251.0,13
5998,9/9/2024,Niger,1239.0,14
5999,9/9/2024,Lesotho,1203.0,-1
6000,9/9/2024,India,1170.0,-16
6001,9/9/2024,Puerto Rico,1141.0,7
6002,9/9/2024,Saint Lucia,1140.0,24
6003,9/9/2024,Grenada,1070.0,-24
6004,9/9/2024,Aruba,943.0,-7
6005,9/9/2024,Saint Martin,916.0,-7
6006,9/9/2024,Sint Maarten,893.0,-2
6007,9/9/2024,Samoa,739.0,6
6008,9/9/2024,Cook Islands,622.0,-16
6009,9/9/2024,Tonga,520.0,-6
6010,9/9/2024,Eastern Samoa,389.0,16
6011,10/12/2024,Spain,2160.0,4
6012,10/12/2024,Portugal,1994.0,19
6013,10/12/2024,Croatia,1917.0,6
6014,10/12/2024,Denmark,1858.0,-4
6015,10/12/2024,Switzerland,1827.0,-28
6016,10/12/2024,Serbia,1812.0,28
6017,10/12/2024,Morocco,1782.0,3
6018,10/12/2024,United States,1738.0,11
6019,10/12/2024,Poland,1728.0,-19
6020,10/12/2024,Romania,1723.0,10
6021,10/12/2024,Panama,1719.0,-11
6022,10/12/2024,Scotland,1698.0,-6
6023,10/12/2024,Kosovo,1527.0,15
6024,10/12/2024,Northern Ireland,1518.0,-3
6025,10/12/2024,Bulgaria,1493.0,-8
6026,10/12/2024,Luxembourg,1470.0,8
6027,10/12/2024,Belarus,1467.0,3
6028,10/12/2024,Guinea,1466.0,21
6029,10/12/2024,Central African Republic,1328.0,-3
6030,10/12/2024,Lithuania,1308.0,-15
6031,10/12/2024,Cyprus,1299.0,-10
6032,10/12/2024,Ethiopia,1276.0,-21
6033,10/12/2024,Dominican Republic,1251.0,13
6034,10/12/2024,Vietnam,1250.0,-5
6035,10/12/2024,India,1175.0,5
6036,10/12/2024,Bermuda,1145.0,18
6037,10/12/2024,Vanuatu,1097.0,5
6038,10/12/2024,Dominica,999.0,-18
6039,10/12/2024,Antigua and Barbuda,933.0,-13
6040,10/12/2024,Cayman Islands,821.0,11
6041,10/12/2024,Bahamas,806.0,15
6042,10/12/2024,Samoa,734.0,-5
6043,10/12/2024,Turks and Caicos Islands,652.0,21
6044,10/12/2024,British Virgin Islands,626.0,-11
6045,10/12/2024,Anguilla,622.0,-21
6046,10/12/2024,US Virgin Islands,586.0,-15
6047,12/9/2024,Indonesia,1397.0,4
6048,12/9/2024,Kuwait,1345.0,-6
6049,12/9/2024,Vietnam,1254.0,4
6050,12/9/2024,Solomon Islands,1195.0,16
6051,12/9/2024,Yemen,1092.0,6
6052,12/9/2024,Vanuatu,1056.0,-16
6053,12/9/2024,Myanmar,904.0,-4
6054,12/9/2024,Laos,672.0,-4
6055,3/19/2025,Russia,1789.0,0
6056,3/19/2025,Tunisia,1606.0,8
6057,3/19/2025,Cameroon,1578.0,-16
6058,3/19/2025,Kazakhstan,1425.0,12
6059,3/19/2025,Vietnam,1358.0,1
6060,3/19/2025,Curaçao,1324.0,-12
6061,3/19/2025,Madagascar,1323.0,35
6062,3/19/2025,Liberia,1256.0,-8
6063,3/19/2025,Central African Republic,1250.0,-35
6064,3/19/2025,Eswatini,1233.0,16
6065,3/19/2025,India,1178.0,3
6066,3/19/2025,Hong Kong,1138.0,1
6067,3/19/2025,Grenada,1072.0,0
6068,3/19/2025,Maldives,886.0,-3
6069,3/19/2025,Cambodia,850.0,-1
6070,3/19/2025,Macao,598.0,-1
6071,6/7/2025,England,2011.0,0
6072,6/7/2025,Netherlands,1974.0,8
6073,6/7/2025,Denmark,1863.0,2
6074,6/7/2025,Turkey,1847.0,10
6075,6/7/2025,Austria,1845.0,8
6076,6/7/2025,Serbia,1838.0,-6
6077,6/7/2025,Greece,1836.0,7
6078,6/7/2025,Switzerland,1827.0,15
6079,6/7/2025,Mexico,1802.0,-15
6080,6/7/2025,Canada,1796.0,18
6081,6/7/2025,Ukraine,1791.0,-18
6082,6/7/2025,Panama,1725.0,2
6083,6/7/2025,United States,1713.0,-10
6084,6/7/2025,Romania,1677.0,-8
6085,6/7/2025,Slovakia,1677.0,-7
6086,6/7/2025,Costa Rica,1653.0,1
6087,6/7/2025,Albania,1639.0,6
6088,6/7/2025,New Zealand,1611.0,15
6089,6/7/2025,Ivory Coast,1576.0,-15
6090,6/7/2025,South Africa,1570.0,10
6091,6/7/2025,Jamaica,1569.0,0
6092,6/7/2025,Honduras,1561.0,1
6093,6/7/2025,Haiti,1558.0,4
6094,6/7/2025,Northern Ireland,1554.0,-2
6095,6/7/2025,Finland,1532.0,-8
6096,6/7/2025,Bosnia and Herzegovina,1525.0,0
6097,6/7/2025,Mozambique,1478.0,-17
6098,6/7/2025,El Salvador,1394.0,1
6099,6/7/2025,Tanzania,1383.0,-26
6100,6/7/2025,Kenya,1372.0,-6
6101,6/7/2025,Azerbaijan,1369.0,1
6102,6/7/2025,Zimbabwe,1360.0,-10
6103,6/7/2025,Madagascar,1325.0,26
6104,6/7/2025,Lithuania,1294.0,4
6105,6/7/2025,Latvia,1289.0,-1
6106,6/7/2025,Malta,1252.0,-4
6107,6/7/2025,Chad,1154.0,6
6108,6/7/2025,Mauritius,1075.0,17
6109,6/7/2025,Andorra,1066.0,0
6110,6/7/2025,Belize,1056.0,-2
6111,6/7/2025,Aruba,917.0,-4
6112,6/7/2025,San Marino,845.0,0
6113,6/7/2025,Cayman Islands,820.0,-1
6114,6/7/2025,Bahamas,782.0,-1
6115,6/7/2025,British Virgin Islands,627.0,0
6116,6/7/2025,Anguilla,617.0,-1
6117,6/10/2025,Argentina,2132.0,-14
6118,6/10/2025,Brazil,2002.0,7
6119,6/10/2025,England,1984.0,-27
6120,6/10/2025,Netherlands,1975.0,1
6121,6/10/2025,Colombia,1950.0,14
6122,6/10/2025,Ecuador,1906.0,-4
6123,6/10/2025,Uruguay,1901.0,12
6124,6/10/2025,Denmark,1864.0,1
6125,6/10/2025,Japan,1857.0,3
6126,6/10/2025,Austria,1845.0,0
6127,6/10/2025,Switzerland,1845.0,18
6128,6/10/2025,Greece,1838.0,2
6129,6/10/2025,Serbia,1838.0,0
6130,6/10/2025,Turkey,1836.0,-11
6131,6/10/2025,Paraguay,1825.0,-7
6132,6/10/2025,Mexico,1813.0,11
6133,6/10/2025,Iran,1800.0,3
6134,6/10/2025,Ukraine,1799.0,8
6135,6/10/2025,Russia,1793.0,9
6136,6/10/2025,Canada,1785.0,-11
6137,6/10/2025,Senegal,1784.0,27
6138,6/10/2025,Australia,1776.0,17
6139,6/10/2025,South Korea,1770.0,3
6140,6/10/2025,Sweden,1760.0,6
6141,6/10/2025,Slovenia,1752.0,3
6142,6/10/2025,Venezuela,1745.0,-12
6143,6/10/2025,Peru,1744.0,4
6144,6/10/2025,Panama,1729.0,4
6145,6/10/2025,Uzbekistan,1708.0,13
6146,6/10/2025,Algeria,1704.0,-6
6147,6/10/2025,Hungary,1701.0,4
6148,6/10/2025,United States,1695.0,-18
6149,6/10/2025,Chile,1689.0,-28
6150,6/10/2025,Poland,1682.0,-24
6151,6/10/2025,Romania,1681.0,4
6152,6/10/2025,Slovakia,1665.0,-12
6153,6/10/2025,Bolivia,1663.0,28
6154,6/10/2025,Costa Rica,1658.0,5
6155,6/10/2025,Ireland,1633.0,-2
6156,6/10/2025,Israel,1629.0,12
6157,6/10/2025,Albania,1627.0,-12
6158,6/10/2025,Jordan,1625.0,-32
6159,6/10/2025,New Zealand,1603.0,-8
6160,6/10/2025,Saudi Arabia,1591.0,-17
6161,6/10/2025,Jamaica,1588.0,19
6162,6/10/2025,Ivory Coast,1587.0,11
6163,6/10/2025,Honduras,1562.0,1
6164,6/10/2025,Northern Ireland,1561.0,7
6165,6/10/2025,South Africa,1558.0,-12
6166,6/10/2025,Finland,1556.0,24
6167,6/10/2025,Iceland,1550.0,-7
6168,6/10/2025,Iraq,1550.0,32
6169,6/10/2025,Angola,1543.0,7
6170,6/10/2025,United Arab Emirates,1538.0,-7
6171,6/10/2025,Bosnia and Herzegovina,1522.0,-3
6172,6/10/2025,Qatar,1519.0,-13
6173,6/10/2025,Oman,1501.0,-3
6174,6/10/2025,Haiti,1499.0,-59
6175,6/10/2025,Belarus,1492.0,-9
6176,6/10/2025,Guatemala,1481.0,-19
6177,6/10/2025,Palestine,1461.0,3
6178,6/10/2025,Luxembourg,1455.0,2
6179,6/10/2025,Bulgaria,1451.0,-2
6180,6/10/2025,Bahrain,1448.0,-19
6181,6/10/2025,Syria,1444.0,4
6182,6/10/2025,Mozambique,1432.0,-46
6183,6/10/2025,Suriname,1411.0,5
6184,6/10/2025,China,1403.0,19
6185,6/10/2025,Zimbabwe,1398.0,38
6186,6/10/2025,Trinidad and Tobago,1395.0,-5
6187,6/10/2025,Curaçao,1390.0,59
6188,6/10/2025,El Salvador,1389.0,-5
6189,6/10/2025,Namibia,1380.0,24
6190,6/10/2025,Kenya,1376.0,4
6191,6/10/2025,North Korea,1376.0,-3
6192,6/10/2025,Azerbaijan,1365.0,-4
6193,6/10/2025,Indonesia,1357.0,-3
6194,6/10/2025,Thailand,1351.0,-36
6195,6/10/2025,Niger,1337.0,1
6196,6/10/2025,Mauritania,1331.0,-1
6197,6/10/2025,Kyrgyzstan,1331.0,7
6198,6/10/2025,Lebanon,1327.0,-12
6199,6/10/2025,Nicaragua,1325.0,-4
6200,6/10/2025,Vietnam,1321.0,-38
6201,6/10/2025,Latvia,1301.0,12
6202,6/10/2025,Cyprus,1299.0,-4
6203,6/10/2025,Lithuania,1293.0,-1
6204,6/10/2025,Kuwait,1293.0,-3
6205,6/10/2025,Malaysia,1292.0,38
6206,6/10/2025,Burundi,1291.0,1
6207,6/10/2025,Dominican Republic,1289.0,7
6208,6/10/2025,Tajikistan,1288.0,-3
6209,6/10/2025,Guyana,1263.0,7
6210,6/10/2025,Malawi,1256.0,-7
6211,6/10/2025,Turkmenistan,1252.0,36
6212,6/10/2025,Malta,1251.0,-1
6213,6/10/2025,Cuba,1225.0,-31
6214,6/10/2025,Lesotho,1221.0,-24
6215,6/10/2025,Bermuda,1169.0,31
6216,6/10/2025,Chad,1150.0,-4
6217,6/10/2025,Hong Kong,1148.0,16
6218,6/10/2025,India,1142.0,-16
6219,6/10/2025,Saint Vincent and the Grenadines,1140.0,-16
6220,6/10/2025,Puerto Rico,1134.0,16
6221,6/10/2025,Philippines,1133.0,3
6222,6/10/2025,Yemen,1120.0,12
6223,6/10/2025,Grenada,1106.0,24
6224,6/10/2025,Mauritius,1094.0,19
6225,6/10/2025,Singapore,1082.0,18
6226,6/10/2025,Andorra,1066.0,0
6227,6/10/2025,Afghanistan,1055.0,-4
6228,6/10/2025,Saint Lucia,1038.0,10
6229,6/10/2025,Saint Kitts and Nevis,1025.0,-24
6230,6/10/2025,Montserrat,971.0,-7
6231,6/10/2025,Dominica,970.0,-7
6232,6/10/2025,Myanmar,950.0,9
6233,6/10/2025,Barbados,938.0,-10
6234,6/10/2025,Nepal,924.0,-29
6235,6/10/2025,Antigua and Barbuda,909.0,-1
6236,6/10/2025,Bangladesh,907.0,-18
6237,6/10/2025,Taiwan,881.0,-36
6238,6/10/2025,San Marino,845.0,0
6239,6/10/2025,Maldives,841.0,-31
6240,6/10/2025,Pakistan,813.0,-9
6241,6/10/2025,Sri Lanka,778.0,36
6242,6/10/2025,Laos,715.0,29
6243,6/10/2025,East Timor,691.0,31
6244,6/10/2025,Brunei,670.0,13
6245,6/10/2025,Bhutan,621.0,-13
6246,9/9/2025,Argentina,2109.0,-27
6247,9/9/2025,France,2067.0,1
6248,9/9/2025,Portugal,2041.0,8
6249,9/9/2025,England,2019.0,35
6250,9/9/2025,Colombia,1981.0,24
6251,9/9/2025,Brazil,1976.0,-32
6252,9/9/2025,Ecuador,1934.0,27
6253,9/9/2025,Uruguay,1907.0,-7
6254,9/9/2025,Norway,1870.0,2
6255,9/9/2025,Japan,1863.0,-19
6256,9/9/2025,Mexico,1859.0,-3
6257,9/9/2025,Austria,1855.0,9
6258,9/9/2025,Paraguay,1844.0,20
6259,9/9/2025,Serbia,1806.0,-35
6260,9/9/2025,Senegal,1802.0,15
6261,9/9/2025,Canada,1797.0,11
6262,9/9/2025,Australia,1791.0,12
6263,9/9/2025,South Korea,1774.0,3
6264,9/9/2025,Ukraine,1773.0,-15
6265,9/9/2025,Wales,1724.0,-11
6266,9/9/2025,Venezuela,1717.0,-24
6267,9/9/2025,Peru,1711.0,-20
6268,9/9/2025,United States,1698.0,19
6269,9/9/2025,Hungary,1695.0,-8
6270,9/9/2025,Chile,1690.0,7
6271,9/9/2025,Bolivia,1688.0,32
6272,9/9/2025,Costa Rica,1666.0,-14
6273,9/9/2025,Egypt,1665.0,-4
6274,9/9/2025,Romania,1650.0,-13
6275,9/9/2025,Jordan,1634.0,3
6276,9/9/2025,Albania,1631.0,3
6277,9/9/2025,Ireland,1603.0,-28
6278,9/9/2025,Ivory Coast,1589.0,-2
6279,9/9/2025,New Zealand,1588.0,-12
6280,9/9/2025,Honduras,1585.0,7
6281,9/9/2025,Nigeria,1584.0,3
6282,9/9/2025,Cameroon,1579.0,-18
6283,9/9/2025,Democratic Republic of Congo,1577.0,-15
6284,9/9/2025,Angola,1571.0,2
6285,9/9/2025,Jamaica,1569.0,11
6286,9/9/2025,Iceland,1562.0,-1
6287,9/9/2025,Cape Verde,1543.0,18
6288,9/9/2025,South Africa,1527.0,-3
6289,9/9/2025,Bosnia and Herzegovina,1516.0,-9
6290,9/9/2025,Burkina Faso,1508.0,4
6291,9/9/2025,Haiti,1488.0,14
6292,9/9/2025,Gabon,1464.0,2
6293,9/9/2025,Benin,1445.0,17
6294,9/9/2025,Gambia,1443.0,19
6295,9/9/2025,Armenia,1412.0,28
6296,9/9/2025,Curaçao,1408.0,5
6297,9/9/2025,Trinidad and Tobago,1389.0,-11
6298,9/9/2025,Sudan,1374.0,-17
6299,9/9/2025,Azerbaijan,1367.0,15
6300,9/9/2025,Tanzania,1363.0,-28
6301,9/9/2025,Namibia,1363.0,10
6302,9/9/2025,Niger,1362.0,28
6303,9/9/2025,Togo,1360.0,17
6304,9/9/2025,Estonia,1356.0,-8
6305,9/9/2025,Zimbabwe,1355.0,-24
6306,9/9/2025,Sierra Leone,1353.0,26
6307,9/9/2025,Kenya,1341.0,3
6308,9/9/2025,Mauritania,1341.0,-15
6309,9/9/2025,Rwanda,1341.0,24
6310,9/9/2025,Nicaragua,1331.0,-7
6311,9/9/2025,Cyprus,1311.0,13
6312,9/9/2025,Latvia,1295.0,-3
6313,9/9/2025,Dominican Republic,1287.0,-3
6314,9/9/2025,Burundi,1268.0,-19
6315,9/9/2025,Malta,1260.0,1
6316,9/9/2025,Ethiopia,1250.0,-26
6317,9/9/2025,Lesotho,1198.0,-17
6318,9/9/2025,Bermuda,1151.0,-5
6319,9/9/2025,South Sudan,1139.0,15
6320,9/9/2025,Mauritius,1084.0,-2
6321,9/9/2025,Andorra,1074.0,8
6322,9/9/2025,Singapore,1073.0,-6
6323,9/9/2025,Sao Tome and Principe,1024.0,-10
6324,9/9/2025,Myanmar,956.0,6
6325,9/9/2025,Maldives,869.0,-1
6326,9/9/2025,Seychelles,845.0,-3
6327,9/9/2025,San Marino,841.0,-1
6328,9/9/2025,Sri Lanka,750.0,1
6329,9/9/2025,Moldova,,-2
6330,11/18/2025,Spain,2171.0,-17
6331,11/18/2025,Colombia,1998.0,8
6332,11/18/2025,Brazil,1979.0,-8
6333,11/18/2025,Ecuador,1933.0,4
6334,11/18/2025,Switzerland,1897.0,-5
6335,11/18/2025,Uruguay,1890.0,-24
6336,11/18/2025,Turkey,1880.0,17
6337,11/18/2025,Japan,1878.0,5
6338,11/18/2025,Denmark,1864.0,-34
6339,11/18/2025,Belgium,1849.0,0
6340,11/18/2025,Mexico,1835.0,-11
6341,11/18/2025,Paraguay,1833.0,11
6342,11/18/2025,Morocco,1828.0,2
6343,11/18/2025,Austria,1818.0,-16
6344,11/18/2025,Senegal,1803.0,3
6345,11/18/2025,Canada,1802.0,12
6346,11/18/2025,Scotland,1790.0,34
6347,11/18/2025,South Korea,1784.0,2
6348,11/18/2025,Australia,1774.0,-8
6349,11/18/2025,Greece,1761.0,-14
6350,11/18/2025,Iran,1754.0,-1
6351,11/18/2025,United States,1747.0,24
6352,11/18/2025,Panama,1742.0,4
6353,11/18/2025,Uzbekistan,1735.0,1
6354,11/18/2025,Chile,1731.0,10
6355,11/18/2025,Algeria,1718.0,15
6356,11/18/2025,Wales,1715.0,22
6357,11/18/2025,Venezuela,1715.0,-12
6358,11/18/2025,Kosovo,1714.0,5
6359,11/18/2025,Peru,1698.0,-10
6360,11/18/2025,Slovenia,1695.0,4
6361,11/18/2025,Bolivia,1675.0,-5
6362,11/18/2025,Sweden,1660.0,-4
6363,11/18/2025,Georgia,1650.0,-28
6364,11/18/2025,Tunisia,1650.0,8
6365,11/18/2025,Romania,1642.0,0
6366,11/18/2025,Costa Rica,1633.0,-10
6367,11/18/2025,Mali,1612.0,0
6368,11/18/2025,Jordan,1610.0,0
6369,11/18/2025,Ivory Coast,1607.0,16
6370,11/18/2025,Iraq,1596.0,12
6371,11/18/2025,North Macedonia,1592.0,-22
6372,11/18/2025,New Zealand,1586.0,-4
6373,11/18/2025,Saudi Arabia,1579.0,-15
6374,11/18/2025,Bosnia and Herzegovina,1571.0,16
6375,11/18/2025,Honduras,1567.0,10
6376,11/18/2025,Angola,1566.0,3
6377,11/18/2025,Burkina Faso,1547.0,13
6378,11/18/2025,Haiti,1542.0,15
6379,11/18/2025,United Arab Emirates,1533.0,-12
6380,11/18/2025,Guatemala,1528.0,18
6381,11/18/2025,Jamaica,1527.0,-10
6382,11/18/2025,Ghana,1509.0,-2
6383,11/18/2025,Belarus,1496.0,14
6384,11/18/2025,Oman,1492.0,-16
6385,11/18/2025,Guinea,1485.0,-2
6386,11/18/2025,Curaçao,1467.0,10
6387,11/18/2025,Bulgaria,1452.0,28
6388,11/18/2025,Syria,1449.0,4
6389,11/18/2025,Suriname,1441.0,-18
6390,11/18/2025,Benin,1436.0,-13
6391,11/18/2025,Uganda,1433.0,-2
6392,11/18/2025,Gambia,1424.0,-3
6393,11/18/2025,Kazakhstan,1410.0,-11
6394,11/18/2025,Niger,1403.0,2
6395,11/18/2025,Trinidad and Tobago,1402.0,-17
6396,11/18/2025,Faroe Islands,1380.0,11
6397,11/18/2025,Thailand,1367.0,4
6398,11/18/2025,Zambia,1364.0,-3
6399,11/18/2025,Estonia,1359.0,18
6400,11/18/2025,Lebanon,1351.0,2
6401,11/18/2025,Kenya,1344.0,-3
6402,11/18/2025,Martinique,1340.0,2
6403,11/18/2025,Nicaragua,1328.0,-15
6404,11/18/2025,El Salvador,1324.0,-4
6405,11/18/2025,Malaysia,1314.0,2
6406,11/18/2025,Kuwait,1310.0,3
6407,11/18/2025,Cyprus,1302.0,-18
6408,11/18/2025,Tajikistan,1297.0,2
6409,11/18/2025,Dominican Republic,1294.0,-2
6410,11/18/2025,Guyana,1275.0,10
6411,11/18/2025,Malawi,1252.0,9
6412,11/18/2025,Turkmenistan,1217.0,4
6413,11/18/2025,Lesotho,1215.0,-9
6414,11/18/2025,Philippines,1155.0,15
6415,11/18/2025,Yemen,1137.0,4
6416,11/18/2025,Hong Kong,1136.0,-29
6417,11/18/2025,Singapore,1131.0,29
6418,11/18/2025,India,1123.0,-28
6419,11/18/2025,Bermuda,1121.0,17
6420,11/18/2025,Belize,1103.0,34
6421,11/18/2025,Saint Kitts and Nevis,1005.0,-34
6422,11/18/2025,Bangladesh,940.0,28
6423,11/18/2025,Nepal,917.0,-2
6424,11/18/2025,Liechtenstein,900.0,0
6425,11/18/2025,Antigua and Barbuda,895.0,-10
6426,11/18/2025,Taiwan,866.0,-4
6427,11/18/2025,Maldives,841.0,-15
6428,11/18/2025,San Marino,833.0,0
6429,11/18/2025,Pakistan,828.0,-4
6430,11/18/2025,Sri Lanka,780.0,-4
6431,11/18/2025,East Timor,682.0,-2
6432,11/18/2025,Brunei,655.0,-2
6433,11/18/2025,Bhutan,614.0,-4
6434,12/13/2025,Spain,2171.0,0
6435,12/13/2025,Argentina,2113.0,0
6436,12/13/2025,France,2062.0,0
6437,12/13/2025,England,2042.0,0
6438,12/13/2025,Colombia,1998.0,0
6439,12/13/2025,Brazil,1979.0,0
6440,12/13/2025,Portugal,1976.0,0
6441,12/13/2025,Netherlands,1959.0,0
6442,12/13/2025,Ecuador,1933.0,0
6443,12/13/2025,Croatia,1933.0,0
6444,12/13/2025,Norway,1922.0,0
6445,12/13/2025,Germany,1910.0,0
6446,12/13/2025,Switzerland,1897.0,0
6447,12/13/2025,Uruguay,1890.0,0
6448,12/13/2025,Turkey,1880.0,0
6449,12/13/2025,Japan,1878.0,0
6450,12/13/2025,Denmark,1864.0,0
6451,12/13/2025,Italy,1859.0,0
6452,12/13/2025,Belgium,1849.0,0
6453,12/13/2025,Mexico,1835.0,0
6454,12/13/2025,Paraguay,1833.0,0
6455,12/13/2025,Morocco,1830.0,0
6456,12/13/2025,Austria,1818.0,0
6457,12/13/2025,Senegal,1803.0,0
6458,12/13/2025,Canada,1802.0,0
6459,12/13/2025,Ukraine,1802.0,0
6460,12/13/2025,Scotland,1790.0,0
6461,12/13/2025,South Korea,1784.0,0
6462,12/13/2025,Russia,1782.0,0
6463,12/13/2025,Australia,1774.0,0
6464,12/13/2025,Serbia,1769.0,0
6465,12/13/2025,Greece,1761.0,0
6466,12/13/2025,Iran,1754.0,0
6467,12/13/2025,United States,1747.0,0
6468,12/13/2025,Panama,1742.0,0
6469,12/13/2025,Poland,1735.0,0
6470,12/13/2025,Uzbekistan,1735.0,0
6471,12/13/2025,Czechia,1731.0,0
6472,12/13/2025,Chile,1731.0,0
6473,12/13/2025,Algeria,1726.0,0
6474,12/13/2025,Wales,1715.0,0
6475,12/13/2025,Venezuela,1715.0,0
6476,12/13/2025,Kosovo,1714.0,0
6477,12/13/2025,Hungary,1698.0,0
6478,12/13/2025,Peru,1698.0,0
6479,12/13/2025,Slovenia,1695.0,0
6480,12/13/2025,Ireland,1688.0,0
6481,12/13/2025,Slovakia,1687.0,0
6482,12/13/2025,Jordan,1687.0,0
6483,12/13/2025,Bolivia,1675.0,0
6484,12/13/2025,Albania,1664.0,0
6485,12/13/2025,Sweden,1660.0,0
6486,12/13/2025,Georgia,1650.0,0
6487,12/13/2025,Romania,1642.0,0
6488,12/13/2025,Tunisia,1641.0,0
6489,12/13/2025,Costa Rica,1633.0,0
6490,12/13/2025,Israel,1631.0,0
6491,12/13/2025,Nigeria,1627.0,0
6492,12/13/2025,Democratic Republic of Congo,1616.0,0
6493,12/13/2025,Mali,1612.0,0
6494,12/13/2025,Saudi Arabia,1612.0,0
6495,12/13/2025,Ivory Coast,1607.0,0
6496,12/13/2025,Northern Ireland,1602.0,0
6497,12/13/2025,North Macedonia,1592.0,0
6498,12/13/2025,Egypt,1591.0,0
6499,12/13/2025,New Zealand,1586.0,0
6500,12/13/2025,Iraq,1582.0,0
6501,12/13/2025,Bosnia and Herzegovina,1571.0,0
6502,12/13/2025,Honduras,1567.0,0
6503,12/13/2025,Iceland,1566.0,0
6504,12/13/2025,Angola,1566.0,0
6505,12/13/2025,Cape Verde,1560.0,0
6506,12/13/2025,Cameroon,1559.0,0
6507,12/13/2025,United Arab Emirates,1549.0,0
6508,12/13/2025,Burkina Faso,1547.0,0
6509,12/13/2025,Haiti,1542.0,0
6510,12/13/2025,South Africa,1531.0,0
6511,12/13/2025,Guatemala,1528.0,0
6512,12/13/2025,Jamaica,1527.0,0
6513,12/13/2025,Finland,1509.0,0
6514,12/13/2025,Ghana,1509.0,0
6515,12/13/2025,Belarus,1496.0,0
6516,12/13/2025,Oman,1490.0,0
6517,12/13/2025,Syria,1486.0,0
6518,12/13/2025,Guinea,1485.0,0
6519,12/13/2025,Palestine,1470.0,0
6520,12/13/2025,Curaçao,1467.0,0
6521,12/13/2025,Gabon,1467.0,0
6522,12/13/2025,Northern Cyprus,1456.0,0
6523,12/13/2025,Bulgaria,1452.0,0
6524,12/13/2025,Montenegro,1444.0,0
6525,12/13/2025,Suriname,1441.0,0
6526,12/13/2025,Equatorial Guinea,1437.0,0
6527,12/13/2025,Benin,1436.0,0
6528,12/13/2025,Uganda,1433.0,0
6529,12/13/2025,Qatar,1427.0,0
6530,12/13/2025,Kurdistan,1425.0,0
6531,12/13/2025,Gambia,1424.0,0
6532,12/13/2025,Libya,1424.0,0
6533,12/13/2025,Bahrain,1417.0,0
6534,12/13/2025,Kazakhstan,1410.0,0
6535,12/13/2025,China,1403.0,0
6536,12/13/2025,Niger,1403.0,0
6537,12/13/2025,Trinidad and Tobago,1402.0,0
6538,12/13/2025,Luxembourg,1395.0,0
6539,12/13/2025,Armenia,1389.0,0
6540,12/13/2025,Mozambique,1389.0,0
6541,12/13/2025,Faroe Islands,1380.0,0
6542,12/13/2025,North Korea,1376.0,0
6543,12/13/2025,Madagascar,1369.0,0
6544,12/13/2025,Thailand,1367.0,0
6545,12/13/2025,Zambia,1364.0,0
6546,12/13/2025,Estonia,1359.0,0
6547,12/13/2025,Comoros,1359.0,0
6548,12/13/2025,Zimbabwe,1352.0,0
6549,12/13/2025,Sudan,1352.0,0
6550,12/13/2025,Reunion,1345.0,0
6551,12/13/2025,Kenya,1344.0,0
6552,12/13/2025,Sierra Leone,1344.0,0
6553,12/13/2025,Indonesia,1341.0,0
6554,12/13/2025,Martinique,1340.0,0
6555,12/13/2025,Togo,1340.0,0
6556,12/13/2025,Azerbaijan,1339.0,0
6557,12/13/2025,Guadeloupe,1338.0,0
6558,12/13/2025,Lebanon,1332.0,0
6559,12/13/2025,Kuwait,1330.0,0
6560,12/13/2025,Vietnam,1329.0,0
6561,12/13/2025,Nicaragua,1328.0,0
6562,12/13/2025,Tanzania,1325.0,0
6563,12/13/2025,El Salvador,1324.0,0
6564,12/13/2025,Zanzibar,1319.0,0
6565,12/13/2025,Botswana,1319.0,0
6566,12/13/2025,Malaysia,1314.0,0
6567,12/13/2025,Kyrgyzstan,1313.0,0
6568,12/13/2025,Namibia,1311.0,0
6569,12/13/2025,Mauritania,1310.0,0
6570,12/13/2025,Rwanda,1310.0,0
6571,12/13/2025,Cyprus,1302.0,0
6572,12/13/2025,Liberia,1299.0,0
6573,12/13/2025,Tajikistan,1297.0,0
6574,12/13/2025,New Caledonia,1295.0,0
6575,12/13/2025,Dominican Republic,1294.0,0
6576,12/13/2025,Latvia,1286.0,0
6577,12/13/2025,Malta,1279.0,0
6578,12/13/2025,Lithuania,1276.0,0
6579,12/13/2025,Guyana,1275.0,0
6580,12/13/2025,Ethiopia,1264.0,0
6581,12/13/2025,Malawi,1252.0,0
6582,12/13/2025,Guinea-Bissau,1244.0,0
6583,12/13/2025,Burundi,1238.0,0
6584,12/13/2025,Central African Republic,1238.0,0
6585,12/13/2025,Cuba,1230.0,0
6586,12/13/2025,French Guiana,1221.0,0
6587,12/13/2025,Turkmenistan,1217.0,0
6588,12/13/2025,Mayotte,1216.0,0
6589,12/13/2025,Lesotho,1215.0,0
6590,12/13/2025,Eswatini,1210.0,0
6591,12/13/2025,Congo,1206.0,0
6592,12/13/2025,Tahiti,1178.0,0
6593,12/13/2025,Saint Vincent and the Grenadines,1174.0,0
6594,12/13/2025,Philippines,1155.0,0
6595,12/13/2025,Yemen,1150.0,0
6596,12/13/2025,Eritrea,1141.0,0
6597,12/13/2025,Hong Kong,1136.0,0
6598,12/13/2025,Papua New Guinea,1136.0,0
6599,12/13/2025,Puerto Rico,1134.0,0
6600,12/13/2025,South Sudan,1133.0,0
6601,12/13/2025,Singapore,1131.0,0
6602,12/13/2025,India,1123.0,0
6603,12/13/2025,Grenada,1122.0,0
6604,12/13/2025,Bermuda,1121.0,0
6605,12/13/2025,Chad,1119.0,0
6606,12/13/2025,Vanuatu,1114.0,0
6607,12/13/2025,Fiji,1109.0,0
6608,12/13/2025,Belize,1103.0,0
6609,12/13/2025,Solomon Islands,1091.0,0
6610,12/13/2025,Mauritius,1090.0,0
6611,12/13/2025,Andorra,1083.0,0
6612,12/13/2025,Sao Tome and Principe,1055.0,0
6613,12/13/2025,Afghanistan,1033.0,0
6614,12/13/2025,Gibraltar,1017.0,0
6615,12/13/2025,Saint Lucia,1008.0,0
6616,12/13/2025,Saint Kitts and Nevis,1005.0,0
6617,12/13/2025,Saint Martin,1004.0,0
6618,12/13/2025,Somaliland,1002.0,0
6619,12/13/2025,Western Sahara,996.0,0
6620,12/13/2025,Montserrat,971.0,0
6621,12/13/2025,Somalia,961.0,0
6622,12/13/2025,Sint Maarten,957.0,0
6623,12/13/2025,Aruba,949.0,0
6624,12/13/2025,Greenland,946.0,0
6625,12/13/2025,Myanmar,944.0,0
6626,12/13/2025,Dominica,940.0,0
6627,12/13/2025,Bangladesh,940.0,0
6628,12/13/2025,Barbados,921.0,0
6629,12/13/2025,Nepal,917.0,0
6630,12/13/2025,Djibouti,915.0,0
6631,12/13/2025,Monaco,903.0,0
6632,12/13/2025,Liechtenstein,900.0,0
6633,12/13/2025,Antigua and Barbuda,895.0,0
6634,12/13/2025,Taiwan,866.0,0
6635,12/13/2025,Cambodia,846.0,0
6636,12/13/2025,Seychelles,841.0,0
6637,12/13/2025,Maldives,841.0,0
6638,12/13/2025,San Marino,833.0,0
6639,12/13/2025,Pakistan,828.0,0
6640,12/13/2025,Bonaire,822.0,0
6641,12/13/2025,Cayman Islands,806.0,0
6642,12/13/2025,Chagos Islands,785.0,0
6643,12/13/2025,Sri Lanka,780.0,0
6644,12/13/2025,Tuvalu,757.0,0
6645,12/13/2025,Sint Eustatius,737.0,0
6646,12/13/2025,Mongolia,730.0,0
6647,12/13/2025,Samoa,729.0,0
6648,12/13/2025,Saint Barthelemy,725.0,0
6649,12/13/2025,Bahamas,719.0,0
6650,12/13/2025,Guam,714.0,0
6651,12/13/2025,Laos,707.0,0
6652,12/13/2025,Wallis and Futuna,701.0,0
6653,12/13/2025,British Virgin Islands,693.0,0
6654,12/13/2025,Vatican,692.0,0
6655,12/13/2025,Saba,691.0,0
6656,12/13/2025,East Timor,682.0,0
6657,12/13/2025,Saint Pierre and Miquelon,677.0,0
6658,12/13/2025,Turks and Caicos Islands,657.0,0
6659,12/13/2025,Brunei,655.0,0
6660,12/13/2025,Anguilla,646.0,0
6661,12/13/2025,Tibet,628.0,0
6662,12/13/2025,Cook Islands,622.0,0
6663,12/13/2025,US Virgin Islands,617.0,0
6664,12/13/2025,Bhutan,614.0,0
6665,12/13/2025,Macao,595.0,0
6666,12/13/2025,Christmas Island,578.0,0
6667,12/13/2025,Falkland Islands,571.0,0
6668,12/13/2025,Federated States of Micronesia,563.0,0
6669,12/13/2025,Marshall Islands,559.0,0
6670,12/13/2025,Kiribati,544.0,0
6671,12/13/2025,Tonga,520.0,0
6672,12/13/2025,Niue,496.0,0
6673,12/13/2025,Northern Mariana Islands,432.0,0
6674,12/13/2025,Cocos Islands,422.0,0
6675,12/13/2025,Palau,402.0,0
6676,12/13/2025,Eastern Samoa,389.0,0
6677,12/13/2025,Moldova,0.0,0
